Title,Series,Text,Date1,Date2,Appt Pres,Case1,Case2,Case3,Citation,URL,Series,@Qrfile
Northwest Ordinance,Public Law,"Originally passed by the Congress under the Articles of Confederation, and re-passed under the new Congress following ratification of the Constitution, this law set the template for government in non-state territories that were slated for future statehood.",1787,,,,,,,http://g.cca.li/1071,1071,httpgccali1071.jpg
First Judiciary Act,Public Law,"Pursuant to the new Constitution, Congress passed this act establishing the Supreme Court, with 6 justices, as well as lower federal courts and delineated their respective jurisdictions.",1789,,,,,,,http://g.cca.li/1072,1072,httpgccali1072.jpg
Alien and Sedition Acts,Public Law,"Three notorious acts passed during the ""Quasi War"" with France; largely considered to have been unconstitutional in retrospect.",1798,,,,,,,http://g.cca.li/1073,1073,httpgccali1073.jpg
Missouri Compromise,Public Law,"In a compromise between pro- and anti-slavery factions, Missouri was admitted as a slave state, while Maine was admitted as a free state. No other parts of the Louisiana Territory north of Missouri could be admitted as a slave state.",1820,,,,,,,http://g.cca.li/1074,1074,httpgccali1074.jpg
Fugitive Slave Act,Public Law,This second federal fugitive slave law increased the tension between the Northern and Southern states leading up to the Civil War.,1850,,,,,,,http://g.cca.li/1075,1075,httpgccali1075.jpg
Kansas-Nebraska Act,Public Law,"An attempt at compromise brought Kansas & Nebraska into the union with their settlers given the right to determine whether they would become free or slave states. This led to violence in Kansas, known as ""Bloody Kansas.""",1854,,,,,,,http://g.cca.li/1076,1076,httpgccali1076.jpg
Habeas Corpus Suspension Act,Public Law,Congress passed this act in order to retroactively give authority to President Lincoln for his suspension of habeas corpus in response to the Civil War.,1863,,,,,,,http://g.cca.li/1077,1077,httpgccali1077.jpg
First Civil Rights Act,Public Law,"Although enacted under the authority of the 13th Amendment, this civil rights act was subsequently mostly constitutionalized as the 14th Amendment due to doubts regarding its constitutionality.",1866,,,,,,,http://g.cca.li/1078,1078,httpgccali1078.jpg
Reconstruction Acts,Public Law,A series of four acts to provide for the administration of the former Confederate states and to transition them for re-admittance to the Union; they generally provided for military government in the South.,1867,,,,,,,http://g.cca.li/1079,1079,httpgccali1079.jpg
Civil Rights Act (aka Ku Klux Klan Act),Public Law,A civil rights act passed to suspend habeas corpus in areas of the Deep South where the KKK was preventing enforcement of the Reconstruction Amendments; it's the original enactment of the current 42 U.S.C. § 1983.,1871,,,,,,,http://g.cca.li/1080,1080,httpgccali1080.jpg
Third Civil Rights Act,Public Law,"AKA the Enforcement Act, this Civil Rights Act, providing for equal treatment for African Americans on juries and with regards to public transportation and accommodations, was struck down by the Civil Rights Cases.",1875,,,,,,,http://g.cca.li/1081,1081,httpgccali1081.jpg
Interstate Commerce Act,Public Law,"This act, which created the Interstate Commerce Commission, was the beginning of the modern administrative state, which expanded exponentially 50 years later during the New Deal.",1887,,,,,,,http://g.cca.li/1082,1082,httpgccali1082.jpg
Sherman Antitrust Act,Public Law,"The landmark, and still preeminent, federal law regulating anticompetitive conduct by commercial enterprises. It was named for its drafter, Senator John Sherman (R-OH).",1890,,,,,,,http://g.cca.li/1083,1083,httpgccali1083.jpg
Federal Employers' Liability Act,Public Law,"Passed by Congress to address both the increasing use of railroads in commerce and also the increasing amount of railroad employee injuries, this law provided a cause of action for railroad employees injured on the job. As it is not a workers' compensation program, negligence must be shown.",1908,,,,,,,http://g.cca.li/1084,1084,httpgccali1084.jpg
Mann Act,Public Law,"Named for its Congressional sponsor, this act prohibited the transportation across state lines of women for ""immoral purposes."" Chuck Berry was once convicted under the Mann Act; Charlie Chaplin was tried and acquitted.",1910,,,,,,,http://g.cca.li/1085,1085,httpgccali1085.jpg
Clayton Antitrust Act,Public Law,"A sequel to the Sherman Antitrust Act, the Clayton Act preempts certain anticompetitive conduct, such as price discrimination and mergers with anticompetitive effects.",1914,,,,,,,http://g.cca.li/1086,1086,httpgccali1086.jpg
Federal Trade Commission Act,Public Law,"The FTC Act established the Federal Trade Commission, granting the federal government broader power in ""trust-busting"" and curbing anticompetitive conduct.",1914,,,,,,,http://g.cca.li/1087,1087,httpgccali1087.jpg
Espionage Act,Public Law,"Passed in conjunction with the United States' entry into World War I, the Espionage Act has withstood numerous First Amendment challenges. Some of the more constitutionally problematic sections were subsequently repealed.",1917,,,,,,,http://g.cca.li/1088,1088,httpgccali1088.jpg
Selective Service Act,Public Law,"Unlike in the Civil War, the draft established for World War I did not allow a draftee to substitute someone in his place; the Supreme Court upheld the law in the Selective Draft Law Cases.",1917,,,,,,,http://g.cca.li/1089,1089,httpgccali1089.jpg
National Prohibition Act (Volstead Act),Public Law,This act of Congress put the 18th Amendment in effect; it was effectively a nullity upon the ratification of the 21st Amendment.,1919,,,,,,,http://g.cca.li/1090,1090,httpgccali1090.jpg
Federal Arbitration Act,Public Law,"This law was passed in order to circumvent a judicial hostility toward, and resultant failure to enforce, contracts to arbitrate. The modern Supreme Court has been relatively strict in its enforcement.",1926,,,,,,,http://g.cca.li/1091,1091,httpgccali1091.jpg
Smoot-Hawley Tariff,Public Law,"This tariff, passed by Congress to raise revenue during the Great Depression, had the effect of sinking the country further into the depression as foreign trade partners raised their tariffs in retaliation, decreasing American trade.",1930,,,,,,,http://g.cca.li/1092,1092,httpgccali1092.jpg
Agricultural Adjustment Act,Public Law,"This New Deal law paid farmers a subsidy to destroy excess crops and livestock, in order to raise the value of remaining crops. Held unconstitutional, a later act remedied the problems with the original.",1933,,,,,,,http://g.cca.li/1093,1093,httpgccali1093.jpg
Securities Act,Public Law,"The Securities Act, passed in the aftermath of the 1929 stock market crash, requires that securities sold on the market in the U.S. be registered and that all material information be conveyed to the public. The Securities Act primarily applies to the initial offering of a security.",1933,,,,,,,http://g.cca.li/1094,1094,httpgccali1094.jpg
Securities Exchange Act,Public Law,"The Securities Exchange Act is the sequel to the Securities Act, also passed in response to the stock market crash of 1929. As opposed to the Securities Act, the Securities Exchange Act primarily applies to the resale or trading of securities, after their initial offering and sale.",1934,,,,,,,http://g.cca.li/1095,1095,httpgccali1095.jpg
National Labor Relations Act,Public Law,"The NLRA is the major statute defining management-union relations. It covers the right to organize and collectively bargain, and established the National Labor Relations Board to settle disputes arising under the act.",1935,,,,,,,http://g.cca.li/1096,1096,httpgccali1096.jpg
Social Security Act,Public Law,"The symbolic first Social Security Card was issued to John David Sweeney, Jr. The lowest numbered card went to the chairman of the Social Security Board.",1935,,,,,,,http://g.cca.li/1097,1097,httpgccali1097.jpg
Fair Labor Standards Act,Public Law,"This landmark federal law, passed during the New Deal, established, among other things, the minimum wage, the 40-hour workweek, and time-and-a-half overtime pay.",1938,,,,,,,http://g.cca.li/1098,1098,httpgccali1098.jpg
"Federal Food, Drug and Cosmetic Act",Public Law,"Superseding and expanding the Pure Food & Drug Act, this act gave more power to the FDA to regulate a broader category of consumer goods.",1938,,,,,,,http://g.cca.li/1099,1099,httpgccali1099.jpg
Administrative Procedure Act,Public Law,"With the mass expansion of regulatory agencies established during the New Deal, this act was passed to  circumscribe the ways in which such agencies made law.",1946,,,,,,,http://g.cca.li/1100,1100,httpgccali1100.jpg
Lanham Trademark Act,Public Law,"The Lanham Act, named for drafter Congressman Fritz Lanham, provides for the protection of trademarks. It protects against outright infringement as well as more subtle violations, such as dilution.",1946,,,,,,,http://g.cca.li/1101,1101,httpgccali1101.jpg
Taft-Hartley Act,Public Law,"AKA the Labor-Management Relations Act, Taft-Hartley was passed in order to trim back the gains made by unions since the passage of the NLRA, and thus imposed some limits on unions previously only imposed on employers.",1947,,,,,,,http://g.cca.li/1102,1102,httpgccali1102.jpg
Federal Water Pollution Control Act,Public Law,"One of the first federal environmental acts, it was limited to interstate waters, and was greatly expanded by amendment 24 years later.",1948,,,,,,,http://g.cca.li/1103,1103,httpgccali1103.jpg
Immigration and Nationality Act,Public Law,"The INA was one of the first major overhauls of U.S. immigration law; while it abolished some of the racial restrictions imposed by past acts, it also expanded the category of deportable aliens; it also extended birthright citizenship to children born in American territories.",1952,,,,,,,http://g.cca.li/1104,1104,httpgccali1104.jpg
Clean Air Act,Public Law,"Though not the first environmental legislation passed by Congress, the Clean Air Act was one of the first to include a vehicle for citizen suits to enforce its provisions (aka ""private attorneys general"").",1963,,,,,,,http://g.cca.li/1105,1105,httpgccali1105.jpg
Civil Rights Act,Public Law,"Landmark legislation that outlawed discrimination on the basis of religion, race, sex, and national origin, in employment and public accommodations, among other areas.",1964,,,,,,,http://g.cca.li/1106,1106,httpgccali1106.jpg
Voting Rights Act,Public Law,"In an attempt to circumvent Southern attempts impede black voting, the Voting Rights Act established ""covered jurisdictions"" in which apportionment and changes to voting qualifications in such jurisdictions had to be approved by the Attorney General or a 3-judge district court in D.C.",1965,,,,,,,http://g.cca.li/1107,1107,httpgccali1107.jpg
Age Discrimination in Employment Act,Public Law,This act was passed to prohibit employment discrimination against workers aged 40 or older.,1967,,,,,,,http://g.cca.li/1108,1108,httpgccali1108.jpg
Federal Election Campaign Act,Public Law,"This act was passed to regulate federal election campaign contributions and expenditures, in order to reduce the appearance of corruption. Though parts were held unconstitutional, it mostly survived challenge in Buckley v. Valeo.",1971,,,,,,,http://g.cca.li/1109,1109,httpgccali1109.jpg
Employee Retirement Income Security Act,Public Law,"This Act, aka ""ERISA,"" includes provisions setting standards for the governance of pension, retirement, and other benefit plans, as well as establishes liabilities against plan administrators for breaches of fiduciary duties. In operation, it has had the practical effect of preempting many common law tort claims.",1974,,,,,,,http://g.cca.li/1110,1110,httpgccali1110.jpg
Copyright Act,Public Law,"This most recent major revision of the U.S. copyright laws abolished the renewal of terms, tying the right to the death of the author; and codified the fair use doctrine, among other things.",1976,,,,,,,http://g.cca.li/1111,1111,httpgccali1111.jpg
Foreign Corrupt Practices Act,Public Law,"The FCPA was primarily enacted to combat the scourge of bribing foreign officials for favorable treatment with regards to business interests, although it also applies to the trading of securities, among other things.",1977,,,,,,,http://g.cca.li/1112,1112,httpgccali1112.jpg
CERCLA,Public Law,"The Comprehensive Environmental Response, Compensation, and Liability Act created the ""Superfund"" program to devote efforts towards cleaning up the nation's most polluted sites, and establishing liability for polluters and owners of such sites.",1980,,,,,,,http://g.cca.li/1113,1113,httpgccali1113.jpg
Americans with Disabilities Act,Public Law,"This wide-ranging law prohibits discrimination against the disabled in employment and public accommodations, among other areas.",1990,,,,,,,http://g.cca.li/1114,1114,httpgccali1114.jpg
Family and Medical Leave Act,Public Law,"Originally vetoed by President G.H.W. Bush, this law establishing paid parental and medical leave was re-passed by the next Congress and signed by President Clinton.",1993,,,,,,,http://g.cca.li/1115,1115,httpgccali1115.jpg
Defense of Marriage Act,Public Law,"This act, or DOMA, restricted federal benefits available to married couples to only opposite sex marriages, as well as relieving states from having to recognize out of state same-sex marriages.",1996,,,,,,,http://g.cca.li/1116,1116,httpgccali1116.jpg
No Child Left Behind Act,Public Law,No Child Left Behind is perhaps the most controversial federal education act. The jury's still out on whether it's had a positive or negative effect. It was passed with very broad support.,2001,,,,,,,http://g.cca.li/1117,1117,httpgccali1117.jpg
USA PATRIOT Act,Public Law,"Passed in the aftermath of the 9/11 attacks, the PATRIOT Act, among other things, increased the ability of the federal government to seek search warrants before the Foreign Intelligence Surveillance Court.",2001,,,,,,,http://g.cca.li/1118,1118,httpgccali1118.jpg
Patient Protection and Affordable Care Act,Public Law,"AKA ""Health Care Reform"" and ""Obamacare,"" this landmark legislation requires, among other things, the purchase of health care insurance or  the payment of a penalty, which provision was upheld by the Supreme Court in 2012.",2010,,,,,,,http://g.cca.li/1119,1119,httpgccali1119.jpg
John Jay,Justice,Co-author of the Federalist Papers and first Chief Justice of the United States.,1789,1795,Washington,Chisholm v. Georgia,Georgia v. Brailsford,,,http://g.cca.li/1027,1027,httpgccali1027.jpg
James Iredell,Justice,"A member of the first Supreme Court, Iredell was a Federalist who championed the ratification of the Constitution in his home state of North Carolina.",1790,1799,Washington,Calder v. Bull (concurrence),Chisholm v. Georgia (dissent),,,http://g.cca.li/1028,1028,httpgccali1028.jpg
John Rutledge,Justice,"Second Chief Justice of the United States. A recess appointment, he was not confirmed as chief by the Senate.",1795,1795,Washington,U.S. v. Peters,Talbot v. Janson,,,http://g.cca.li/1029,1029,httpgccali1029.jpg
Oliver Ellsworth,Justice,"Third Chief Justice.  Also served as senator from Connecticut.  Member of the Constitutional Convention's Committee on Detail; though he supported ratification, he left Philadelphia before signing of the Constitution.",1796,1800,Washington,N.Y. v. Conn.,,,,http://g.cca.li/1030,1030,httpgccali1030.jpg
John Marshall,Justice,"Fourth Chief Justice. Nearly consensus choice for greatest Chief Justice, and certainly the one who cemented the Court's image as a co-equal branch of the federal government.",1801,1835,J. Adams,Marbury v. Madison,McCulloch v. Maryland,Gibbons v. Ogden,,http://g.cca.li/1031,1031,httpgccali1031.jpg
Joseph Story,Justice,"Perhaps the greatest associate justice of the early republic, Story wrote one of the most cited treatises on American constitutional law.",1812,1845,Madison,Martin v. Hunter's Lessee,The Amistad,Prigg v. Pennsylvania,,http://g.cca.li/1032,1032,httpgccali1032.jpg
Roger B. Taney,Justice,"Fifth Chief Justice; the first Catholic on the Court, and also a slaveholder who ultimately freed his slaves.",1836,1864,Jackson,Scott v. Sandford,Charles River Bridge v. Warren Bridge,Ex parte Marryman (riding circuit),,http://g.cca.li/1033,1033,httpgccali1033.jpg
Stephen Johnson Field,Justice,"Though a Democrat, Field was appointed to the Court during the Civil War to bring a Western balance (he was serving at the time as Chief Justice of California).",1863,1897,Lincoln,Pennoyer v. Neff,Slaughter-House Cases (dissent),Ex parte Garland,,http://g.cca.li/1034,1034,httpgccali1034.jpg
Salmon P. Chase,Justice,"Sixth Chief Justice; as Lincoln's Treasury Secretary, the U.S. introduced the greenback during the Civil War. Presided over the impeachment trial of Andrew Johnson.",1864,1873,Lincoln,Texas v. White,Ex parte McCardle,Veazie Bank v. Fenno,,http://g.cca.li/1035,1035,httpgccali1035.jpg
Joseph P. Bradley,Justice,"Bradley, while serving on the Court, was also appointed to the commission that decided the disputed 1876 presidential election in favor of Republican Rutherford B. Hayes.",1870,1892,Grant,Hans v. Louisiana,Bradwell v. Illinois (concurrence),C. M. & St. P. R. v. Minn.,,http://g.cca.li/1036,1036,httpgccali1036.jpg
Morrison Waite,Justice,"The 7th Chief Justice, Waite was nominated after a long series of failed attempts to find a suitable appointment.",1874,1888,Grant,Reynolds v. U.S.,U.S. v. Cruikshank,Munn v. Illinois,,http://g.cca.li/1037,1037,httpgccali1037.jpg
John Marshall Harlan,Justice,"The ""first"" Justice Harlan, perhaps most well-known for his lone dissent in both the Civil Rights Cases and Plessy v. Ferguson. He earned the nickname ""the Great Dissenter."" His grandson was the second John Marshall Harlan to serve on the Court.",1877,1811,Hayes,Civil Rights Cases (dissent),Plessy v. Ferguson (dissent),Lochner v. New York (dissent),,http://g.cca.li/1038,1038,httpgccali1038.jpg
Melville Fuller,Justice,"The 8th Chief Justice, Fuller attended, but did not graduate from, Harvard Law School.",1888,1910,Cleveland,U.S. v. E.C. Knight Co.,Pollock v. Farmers' Loan & Trust Co.,Loewe v. Lawlor,,http://g.cca.li/1039,1039,httpgccali1039.jpg
Rufus Wheeler Peckham,Justice,"If any justice is synonymous with the ""Lochner Era"" it is Justice Peckham, who wielded substantive due process and the freedom of contract to restrict the government's ability to regulate commerce and property.",1896,1909,Cleveland,Lochner v. N.Y.,Allgeyer v. Louisiana,Ex parte Young,,http://g.cca.li/1040,1040,httpgccali1040.jpg
"Oliver Wendell Holmes, Jr.",Justice,"Perhaps the most influential justice after Chief Justice Marshall, Holmes fought in the Civil War and served on the Massachusetts high court for 20 years before joining the Supreme Court.",1902,1932,T. Roosevelt,Schenck v. U.S.,Buck v. Bell,Abrams v. U.S. (dissent),,http://g.cca.li/1041,1041,httpgccali1041.jpg
Edward Douglass White,Justice,"A former senator, this 9th Chief Justice was the author of the ""rule of reason"" in applying federal antitrust law.",1910,1921,Taft,Standard Oil Co. of N.J. v. U.S.,Selective Draft Law Cases,Guinn v. U.S.,,http://g.cca.li/1042,1042,httpgccali1042.jpg
Louis Brandeis,Justice,Justice Brandeis is considered one of the most influential writers to serve on the Court; he was also the first Jewish member of the Supreme Court.,1916,1939,Wilson,Erie R. Co. v. Tompkins,New State Ice Co. v. Liebmann (dissent),Whitney v. California (concurrence),,http://g.cca.li/1043,1043,httpgccali1043.jpg
William Howard Taft,Justice,"The 10th Chief Justice was the first former president to serve on the Court and, as president, was the first president to throw out the first pitch at a baseball game.",1921,1930,Harding,Carroll v. U.S.,Olmstead v. U.S.,Balzac v. Porto Rico,,http://g.cca.li/1044,1044,httpgccali1044.jpg
Charles Evans Hughes,Justice,"The 11th Chief Justice (he also served a non-contiguous term as an associate justice), Hughes was also a Cabinet member as Secretary of State under Presidents Harding and Coolidge.",1930,1941,Hoover,Near v. Minnesota,Schechter Poultry Co. v. U.S.,NLRB v. Jones & Laughlin Steel Corp.,,http://g.cca.li/1045,1045,httpgccali1045.jpg
Benjamin N. Cardozo,Justice,"A Democrat appointed by a Republican, Cardozo is one of the most respected Justices to ever sit on the Court. Of Portuguese Jewish descent, some have wondered whether he should be considered the first Hispanic justice.",1932,1938,Hoover,Palko v. Connecticut,Nixon v. Condon,Steward Mach. Co. v. Davis,,http://g.cca.li/1046,1046,httpgccali1046.jpg
Hugo Black,Justice,"One of the Court's longest-serving justices, Black was liberal in many regards, while abstaining from endorsing seemingly ""liberal"" concepts, such as substantive due process or a constitutional right to privacy.",1937,1971,F.D. Roosevelt,Younger v. Harris,Korematsu v. U.S.,Adamson v. California (dissent),,http://g.cca.li/1047,1047,httpgccali1047.jpg
Felix Frankfurter,Justice,"Born in Vienna, and a co-founder of the ACLU, Justice Frankfurter was appointed to the bench to replace Justice Cardozo.",1939,1962,F.D. Roosevelt,Minersville Sch. Dist. v. Gobitis,Colegrove v. Green,Wolf v. Colorado,,http://g.cca.li/1048,1048,httpgccali1048.jpg
William O. Douglas,Justice,"The longest-serving justice, Douglas was the Chairman of the relatively new Securities & Exchange Commission at the time of his appointment.",1939,1975,F.D. Roosevelt,Griswold v. Connecticut,Terminiello v. City of Chicago,Sierra Club v. Morton (dissent),,http://g.cca.li/1049,1049,httpgccali1049.jpg
Harlan F. Stone,Justice,"The 12th Chief Justice, both his predecessor and successor as Attorney General also served on the Court.",1941,1946,F.D. Roosevelt,Hirabayashi v. U.S.,International Shoe v. Washington,Douglas v. City of Jeannette,,http://g.cca.li/1050,1050,httpgccali1050.jpg
Robert H. Jackson,Justice,"Although one of the most respected justices of the 20th Century, and an Attorney General, Jackson might be most well-know for prosecuting the Nuremburg War Crimes Trials after WWII.",1941,1954,F.D. Roosevelt,W.Va. State Bd. of Educ. v. Barnette,Youngstown Sheet & Tube Co. v. Sawyer (concurrence),Skidmore v. Swift & Co.,,http://g.cca.li/1051,1051,httpgccali1051.jpg
Fred M. Vinson,Justice,"The 13th Chief Justice, he served in all three branches of the federal government, including as a Congressman and as Secretary of the Treasury.",1946,1953,Truman,U.S. v. United Mine Workers,Shelley v. Kraemer,Sweatt v. Painter,,http://g.cca.li/1052,1052,httpgccali1052.jpg
Earl Warren,Justice,"The 14th Chief Justice, a Republican Governor of California, Warren presided over perhaps the Court's greatest shift towards the protection and expansion of individual constitutional rights.",1953,1969,Eisenhower,Brown v. Bd. of Educ.,Reynolds v. Sims,Terry v. Ohio,,http://g.cca.li/1053,1053,httpgccali1053.jpg
John Marshall Harlan II,Justice,"The grandson of the first Justice Harlan, the second Justice Harlan was one of the first nominees to appear before the Senate Judiciary Committee (he was nominated shortly after the opinion issued in Brown v. Bd. of Educ.).",1955,1971,Eisenhower,Yates v. U.S.,NAACP v. Alabama,Cohen v. California,,http://g.cca.li/1054,1054,httpgccali1054.jpg
"William J. Brennan, Jr.",Justice,"A Republican appointed by a Republican, Brennan eventually became one of the Court's most liberal members in areas such as civil liberties and capital punishment.",1956,1990,Eisenhower,Roth v. U.S.,New York Times Co. v. Sullivan,Texas v. Johnson,,http://g.cca.li/1055,1055,httpgccali1055.jpg
Thurgood Marshall,Justice,"A seasoned NAACP attorney, Marshall won 29 of the 32 cases he argued before the Supreme Court, before becoming the first African-American to sit on the Court.",1967,1991,L.B. Johnson,Stanley v. Georgia,Estelle v. Gamble,Ake v. Oklahoma,,http://g.cca.li/1056,1056,httpgccali1056.jpg
Warren E. Burger,Justice,"The 15th Chief Justice, Warren Earl Burger replaced Earl Warren as chief.",1969,1986,Nixon,Swann v. Charlotte-Mecklenburg Bd. of Ed.,INS v. Chadha,Lynch v. Donnelly,,http://g.cca.li/1057,1057,httpgccali1057.jpg
Harry Blackmun,Justice,"In his early days on the Court, Justice Blackmun & Chief Justice Burger were called the ""Minnesota Twins"" due to their shared home state and similar voting records.",1970,1994,Nixon,Roe v. Wade,Bowers v. Hardwick (dissent),Callins v. Collins (dissent from denial of cert.),,http://g.cca.li/1058,1058,httpgccali1058.jpg
John Paul Stevens,Justice,Justice Stevens claims to have been in attendance at the 1932 World Series game between the Cubs & Yankees when Babe Ruth allegedly called his shot.,1975,2010,Ford,Hamdan v. Rumsfeld,Wallace v. Jaffree,Chevron v. NRDC,,http://g.cca.li/1059,1059,httpgccali1059.jpg
Sandra Day O'Connor,Justice,"The first woman on the Supreme Court, O'Connor was a classmate of Justice Rehnquist at Stanford Law. Graduating 3rd in her class, she was only able to find a job as a legal secretary.",1981,2006,Reagan,Grutter v. Bollinger,Planned Parenthood v. Casey (joint opinion),Shaw v. Reno,,http://g.cca.li/1060,1060,httpgccali1060.jpg
Antonin Scalia,Justice,"A former U of Chicago law professor, Scalia sat on the DC Circuit before being elevated to replace Justice Rehnquist upon his own elevation to Chief Justice. Scalia abhors the use of legislative history.",1986,?,Reagan,Apprendi v. New Jersey,D.C. v. Heller,Kyllo v. U.S.,,http://g.cca.li/1061,1061,httpgccali1061.jpg
William Rehnquist,Justice,"The 16th Chief Justice, Rehnquist clerked for Justice Robert Jackson, and was succeeded on the Court by two current members: Justice Scalia as Associate Justice and Chief Justice Roberts as Chief.",1986,2005,Reagan,Dickerson v. U.S.,South Dakota v. Dole,National League of Cities v. Usery,,http://g.cca.li/1062,1062,httpgccali1062.jpg
Anthony Kennedy,Justice,"Kennedy, a swing vote on the Court,  was nominated after the failed nominations of Robert Bork and Douglas Ginsburg.",1988,?,Reagan,Lawrence v. Texas,Gonzales v. Carhart,Kennedy v. Louisiana,,http://g.cca.li/1063,1063,httpgccali1063.jpg
Clarence Thomas,Justice,"The second African-American to serve on the Supreme Court , replacing the first, Thurgood Marshall, Thomas endured a bitter confirmation hearing amidst allegations of sexual harassment during his tenure as Chairman of the EEOC.",1991,?,G.H.W. Bush,ACLU v. Ashcroft,Kansas v. Marsh,Bd. of Educ. v. Earls,,http://g.cca.li/1064,1064,httpgccali1064.jpg
Ruth Bader Ginsburg,Justice,"The second woman justice and the first female Jewish justice, Ginsburg, like many recent appointees, served on the D.C. Circuit at the time of her nomination.",1993,?,Clinton,Eldred v. Ashcroft,U.S. v. Virginia,Oregon v. Ice,,http://g.cca.li/1065,1065,httpgccali1065.jpg
Stephen Breyer,Justice,"Justice Breyer sometimes must recuse himself when cases trickle up from the Northern District of California, where his brother is a judge. He & Justice Scalia also like to debate each other on constitutional interpretation.",1994,?,Clinton,U.S. v. Booker,Indiana v. Edwards,U.S. v. Lara,,http://g.cca.li/1066,1066,httpgccali1066.jpg
John G. Roberts,Justice,"The 17th Chief Justice, Roberts was initially named to replace Sandra Day O'Connor, but was renominated to replace Chief Justice Rehnquist when he died shortly thereafter.",2005,?,G.W. Bush,Parents Involved in Community Schools v. Seattle School District No. 1,National Federation of Independent Business v. Sebelius,U.S. v. Stevens,,http://g.cca.li/1067,1067,httpgccali1067.jpg
Samuel Alito,Justice,"Though Justice Alito had the second lowest confirmation vote in the Senate among members of the Roberts Court, he was rated as ""well qualified"" by the ABA.",2006,?,G.H.W. Bush,Davis v. FEC,McDonald v. Chicago,Snyder v. Phelps (dissent),,http://g.cca.li/1068,1068,httpgccali1068.jpg
Sonia Sotomayor,Justice,"The 3rd woman and 1st Latina on the Supreme Court, Justice Sotomayor was in the limelight as a US district judge when she issued a ruling against baseball owners that effectively ended the 1994-95 baseball strike.",2009,?,Obama,Missouri v. McNeely,Microsoft v. i4i,"Milavetz, Gallop & Milavetz, P. A. v. United States",,http://g.cca.li/1069,1069,httpgccali1069.jpg
Elena Kagan,Justice,"A former Harvard Law School dean, and Solicitor General  of the U.S., Justice Kagan replaced Justice John Paul Stevens on the Court.",2010,?,Obama,Camreta v. Greene,Miller v. Alabama,Tapia v. U.S.,,http://g.cca.li/1070,1070,httpgccali1070.jpg
Cohens v. Virginia,SCt Case,"In a major early case involving the extent of the Supreme Court's jurisdiction, the Court held that it had power to review the decisions of state criminal cases wherein the defendant asserts a violation of his federal constitutional rights.",1821,,,,,,19 U.S. 264,http://g.cca.li/1120,1120,httpgccali1120.jpg
Hayburn's Case,SCt Case,"While not decided on the merits, the justices, in a precursor to Marbury, expressed the view that Congress could not constitutionally assign to them non-judicial functions.",1792,,,,,,2 U.S. 409,http://g.cca.li/1121,1121,httpgccali1121.jpg
Marbury v. Madison,SCt Case,"THE landmark Supreme Court case, in which a wily Chief Justice Marshall gave a procedural win to political rival Thomas Jefferson while also establishing the Court's power of judicial review of the constitutionality of acts passed by Congress.",1803,,,,,,5 U.S. 137,http://g.cca.li/1122,1122,httpgccali1122.jpg
Fletcher v. Peck,SCt Case,"Ruling under the Contracts Clause of the Constitution, the Supreme Court for the first time held a state law to be unconstitutional (for violating the prohibition on impairing contracts).",1810,,,,,,10 U.S. 87,http://g.cca.li/1123,1123,httpgccali1123.jpg
Martin v. Hunter's Lessee,SCt Case,"In a case in which the Virginia Supreme Court interpreted a U.S. treaty, the Supreme Court held that it had final say over state courts in matters of federal law.",1816,,,,,,14 U.S. 304,http://g.cca.li/1124,1124,httpgccali1124.jpg
McCulloch v. Maryland,SCt Case,"The Court upheld the creation of a national bank; though not a power expressly granted to Congress, the Court held that Congress's power was implied in the Necessary and Proper Clause.",1819,,,,,,17 U.S. 316,http://g.cca.li/1125,1125,httpgccali1125.jpg
Trustees of Dartmouth College v. Woodward,SCt Case,"The Court applied the Contracts Clause to hold that a contract (in this case, a royal charter), even though predating the Revolution, could not constitutionally be impaired by a state.",1819,,,,,,17 U.S. 518,http://g.cca.li/1126,1126,httpgccali1126.jpg
Barron v. Baltimore,SCt Case,"The Supreme Court held that the Bill of Rights applied only to the federal government, and was therefore not a limit on state power.",1823,,,,,,32 U.S. (7 Pet.) 243,http://g.cca.li/1127,1127,httpgccali1127.jpg
Gibbons v. Ogden,SCt Case,"The Court, per Chief Justice Marshall, struck down an exclusive New York-issued license to navigate its waterways, holding that the Commerce Clause vested such authority in Congress, and that navigation was included within the power.",1824,,,,,,22 U.S. 1,http://g.cca.li/1128,1128,httpgccali1128.jpg
Scott v. Sandford,SCt Case,"aka the ""Dred Scott Decision,"" the Supreme Court held that taking a slave into a free state did not have the effect of granting the slave his freedom.",1857,,,,,,60 U.S. 393,http://g.cca.li/1129,1129,httpgccali1129.jpg
Ex parte Milligan,SCt Case,"The Supreme Court upheld the suspension of habeas corpus during the Civil War, but also held that civilians could not be tried by military courts in areas where civilian courts were still functioning.",1866,,,,,,71 U.S. (4 Wall.) 2,http://g.cca.li/1130,1130,httpgccali1130.jpg
Texas v. White,SCt Case,"The Supreme Court held that the Constitution did not permit unilateral secession, and the post-secession acts of Texas's legislature had no legal effect.",1869,,,,,,74 U.S. 700,http://g.cca.li/1131,1131,httpgccali1131.jpg
Bradwell v. Illinois,SCt Case,The Supreme Court held that the 14th Amendment's Privileges & Immunities Clause did not prohibit states from denying women the right to practice law.,1873,,,,,,83 U.S. 130,http://g.cca.li/1132,1132,httpgccali1132.jpg
Slaughterhouse Cases,SCt Case,A decision by the Court that left little if any work to be done by the Privileges & Immunities Clause of the 14th Amendment.  It is heavily criticized as having been incorrectly decided.,1873,,,,,,83 U.S. 36,http://g.cca.li/1133,1133,httpgccali1133.jpg
Strauder v. West Virginia,SCt Case,"The Supreme Court reversed Strauder's conviction under the Equal Protection Clause as Strauder, who was black, was tried before an all-white jury due to West Virginia's exclusion of blacks from jury service.",1880,,,,,,100 U.S. 303,http://g.cca.li/1134,1134,httpgccali1134.jpg
Civil Rights Cases,SCt Case,"Striking down the Civil Rights Act of 1875, the Supreme Court held that the 14th Amendment's Equal Protection Clause could not be applied against private actions.",1883,,,,,,109 U.S. 3,http://g.cca.li/1135,1135,httpgccali1135.jpg
Yick Wo v. Hopkins,SCt Case,"The Court held that even though a law might be neutral on its face, if applied in a racially discriminatory manner (in this case, against Chinese immigrants), it will still violate the Equal Protection Clause.",1886,,,,,,118 U.S. 356,http://g.cca.li/1136,1136,httpgccali1136.jpg
Plessy v. Ferguson,SCt Case,"Often listed in the worst decisions of the Supreme Court (along with Dred Scott, Korematsu, and Lochner), Plessey upheld ""separate but equal"" segregation against a strong, solo dissent from the first Justice Harlan.",1896,,,,,,163 U.S. 537,http://g.cca.li/1137,1137,httpgccali1137.jpg
Northern Securities Co. v. United States,SCt Case,"In a test of the Sherman Antitrust Act, the Supreme Court, 5-4, held that the Northern Securities Co., a holding company for railroads, had to be dissolved.",1904,,,,,,193 U.S. 197,http://g.cca.li/1138,1138,httpgccali1138.jpg
Lochner v. New York,SCt Case,"Interpreting the Due Process Clause of the 14th Amendment ot guarantee liberty of contract, the Court struck down New York's maximum hours laws for bakers, enacted in order to safeguard their health.",1905,,,,,,198 U.S. 45,http://g.cca.li/1139,1139,httpgccali1139.jpg
Ex parte Young,SCt Case,"A seminal case that provides an end around state sovereign immunity, by allowing for injunctive relief against state officials.",1908,,,,,,209 U.S. 123,http://g.cca.li/1140,1140,httpgccali1140.jpg
Muller v. Oregon,SCt Case,"This case is perhaps most well-know for future Justice Brandeis's brief on behalf of Oregon, marshalling social science arguments in favor of Oregon's law restricting the length of the workweek for women. This was to become known as a ""Brandeis Brief.""",1908,,,,,,208 U.S. 412,http://g.cca.li/1141,1141,httpgccali1141.jpg
Weeks v. United States,SCt Case,"Federal agents cannot seize evidence from a home without a warrant and such evidence cannot be used at trial, thus establishing the exclusionary rule with regard to federal prosecutions.",1914,,,,,,232 U.S. 383,http://g.cca.li/1142,1142,httpgccali1142.jpg
Pennsylvania Coal Co. v. Mahon,SCt Case,"This case established the ""regulatory taking,"" in which a taking can occur not by physical deprivation of the property, but rather by governmental regulation of its use in a way that diminishes its useful value.",1922,,,,,,260 U.S. 393,http://g.cca.li/1143,1143,httpgccali1143.jpg
Meyer v. Nebraska,SCt Case,"In an early use of substantive due process to expand individual rights, the Court held that the Due Process Clause precluded Nebraska's ban on the teaching of foreign languages.",1923,,,,,,262 U.S. 390,http://g.cca.li/1144,1144,httpgccali1144.jpg
Carroll v. United States,SCt Case,"In establishing one of the first exceptions to the warrant requirement, the Supreme Court created an ""automobile exception"" allowing a warrantless search of a car.",1925,,,,,,267 U.S. 132,http://g.cca.li/1145,1145,httpgccali1145.jpg
Pierce v. Society of Sisters,SCt Case,"The Supreme Court held that a state's compulsory public education law forbidding private education, was a violation of substantive due process under the 14th Amendment.",1925,,,,,,268 U.S. 510,http://g.cca.li/1146,1146,httpgccali1146.jpg
Buck v. Bell,SCt Case,"The Supreme Court, in a heavily criticized decision, upheld a state statute mandating forced sterilization upon, among others, the mentally retarded, against a Due Process challenge.",1927,,,,,,274 U.S. 200,http://g.cca.li/1147,1147,httpgccali1147.jpg
Near v. Minnesota,SCt Case,"Though only a 5-4 decision at the time, Near established an almost insurmountable rule against prior restraints against publication under the First Amendment.",1931,,,,,,283 U.S. 697,http://g.cca.li/1148,1148,httpgccali1148.jpg
Schechter Poultry Corp. v. United States,SCt Case,"One of the cases that led to FDR's court-packing plan, the Court unanimously struck down part of the National Industrial Recovery Act as beyond Congress's Commerce Clause power.",1935,,,,,,295 U.S. 495,http://g.cca.li/1149,1149,httpgccali1149.jpg
NLRB v. Jones & Laughlin Steel Corp.,SCt Case,"A bend in the river that pointed towards the Court's acceptance of the New Deal, the Court upheld the National Labor Relations Act, the start of an almost 60-year unbroken string of Commerce Clause victories for Congress.",1937,,,,,,301 U.S. 1,http://g.cca.li/1150,1150,httpgccali1150.jpg
Palko v. Connecticut,SCt Case,"Though ultimately overruled, this case set the tone for the Court's ""selective incorporation"" of the Bill of Rights through the 14th Amendment; here, though, the Court held that the protection against double jeopardy did not apply to the states. ",1937,,,,,,302 U.S. 319,http://g.cca.li/1151,1151,httpgccali1151.jpg
United States v. Carolene Products Co.,SCt Case,"Footnote 4 of this case, which was dicta, established the basis for heightened judicial review in cases of laws directed towards ""discrete and insular minorities.""",1938,,,,,,304 U.S. 144,http://g.cca.li/1152,1152,httpgccali1152.jpg
Chaplinsky v. New Hampshire,SCt Case,"The Supreme Court held that ""fighting words"" likely to provoke an immediate breach of the peace, are not entitled to First Amendment protection.",1942,,,,,,315 U.S. 568,http://g.cca.li/1153,1153,httpgccali1153.jpg
Wickard v. Filburn,SCt Case,"The Court upheld Congress's regulation of wheat that did not move in interstate commerce due to the cumulative effects the ""intrastate"" wheat on the price of ""interstate"" wheat were the former not regulated; perhaps the furthest extent granted to Congress's Commerce Clause power.",1942,,,,,,317 U.S. 111,http://g.cca.li/1154,1154,httpgccali1154.jpg
Korematsu v. United States,SCt Case,"The 20th Century analogue to Dred Scott, the Court upheld the executive order interning Japanese-American citizens during World War II. One of the Court's most criticized decisions.",1944,,,,,,323 U.S. 214,http://g.cca.li/1155,1155,httpgccali1155.jpg
Shelley v. Kraemer,SCt Case,"The Supreme Court held that a state court's enforcement of a restrictive covenant amounted to state action, and thus was unconstitutional under the 14th Amendment.",1948,,,,,,334 U.S. 1,http://g.cca.li/1156,1156,httpgccali1156.jpg
Youngstown Sheet & Tube Co. v. Sawyer,SCt Case,"The Supreme Court held that the president did not have the authority to size the nation's steel mills, in order to avert a strike during the Korean War, without Constitutional or statutory authority; Justice Jackson's concurrence has emerged as the standard for assessing Presidential power.",1952,,,,,,343 U.S. 579,http://g.cca.li/1157,1157,httpgccali1157.jpg
Brown v. Board of Education of Topeka,SCt Case,"In one of the Supreme Court's most important and best-known cases, the Court unanimously struck down racial segregation in public schools.",1954,,,,,,347 U.S. 483,http://g.cca.li/1158,1158,httpgccali1158.jpg
NAACP v. Alabama,SCt Case,"The Supreme Court held that Alabama, in an attempt to keep the NAACP from agitating within the state, could not compel the NAACP to provide membership lists to the state by virtue of the Due Process Clause of the 14th Amendment.",1958,,,,,,357 U.S. 449,http://g.cca.li/1159,1159,httpgccali1159.jpg
Mapp v. Ohio,SCt Case,"In Mapp, the Supreme Court extended the exclusionary rule, which bars the use of evidence obtained in violation of the 4th Amendment in a criminal trial, to state criminal proceedings.",1961,,,,,,367 U.S. 643,http://g.cca.li/1160,1160,httpgccali1160.jpg
Baker v. Carr,SCt Case,"A watershed reapportionment case, in which the Supreme Court held that a dispute over legislative redistricting was not a ""political question"" and thus could be decided by the Court.",1962,,,,,,369 U.S. 186,http://g.cca.li/1161,1161,httpgccali1161.jpg
Engel v. Vitale,SCt Case,The Supreme Court held that it is a violation of the Establishment Clause for states to compose an official prayer for recitation in their public schools.,1962,,,,,,370 U.S. 421,http://g.cca.li/1162,1162,httpgccali1162.jpg
Gideon v. Wainwright,SCt Case,"In Gideon, the Supreme Court unanimously extended the 6th Amendment guarantee of representation by counsel in a criminal trial to the states.",1963,,,,,,372 U.S. 335,http://g.cca.li/1163,1163,httpgccali1163.jpg
New York Times Co. v. Sullivan,SCt Case,"New York Times v. Sullivan set the standard for defamation of public figures, holding that plaintiffs must prove actual malice to prevail.",1964,,,,,,376 U.S. 254,http://g.cca.li/1164,1164,httpgccali1164.jpg
Reynolds v. Sims,SCt Case,"Upholding the principle of ""one man, one vote,"" the Supreme Court held that state legislative districts had to be of roughly equal populations.",1964,,,,,,377 U.S. 533,http://g.cca.li/1165,1165,httpgccali1165.jpg
Griswold v. Connecticut,SCt Case,"Finding a right to privacy in the ""penumbras"" of the Bill of Rights, the Court struck down a Connecticut statute outlawing the sale of contraceptives to married couples.",1965,,,,,,381 U.S. 479,http://g.cca.li/1166,1166,httpgccali1166.jpg
Miranda v. Arizona,SCt Case,"The Court held that in order to protect the right against self-incrimination, the police need to advise a person in custody of his constitutional right to remain silent and to have an attorney present at questioning.",1966,,,,,,384 U.S. 436,http://g.cca.li/1167,1167,httpgccali1167.jpg
Terry v. Ohio,SCt Case,"Terry set the standard for a brief, investigatory stop when a police officer has ""reasonable suspicion"" that the person under surveillance has committed or is about to commit a crime. The stop may include a pat-and-frisk for the officer's protection and does not require probable cause to arrest.",1968,,,,,,392 U.S. 1,http://g.cca.li/1168,1168,httpgccali1168.jpg
Tinker v. Des Moines Indep. Cmty. Sch. Dist.,SCt Case,"In a case dealing with junior & high school students' protest of the Vietnam War, the Court set the standard for evaluating student speech claims under the First Amendment, holding that students still retain some First Amendment rights even while in school.",1969,,,,,,393 U.S. 503,http://g.cca.li/1169,1169,httpgccali1169.jpg
Bivens v. Six Unknown Named Agents,SCt Case,"The Supreme Court in Bivens held that there was an implied cause of action against federal agents for some constitutional violations, in this case, a violation of the Fourth Amendment.",1971,,,,,,403 U.S. 388,http://g.cca.li/1170,1170,httpgccali1170.jpg
Swann v. Charlotte-Mecklenburg Bd. of Educ.,SCt Case,"In Swann, the Court upheld as a remedy in some cases the use of forced busing of students beyond district boundaries and the nearest school in order to integrate racially-segregated schools.",1971,,,,,,402 U.S. 1,http://g.cca.li/1171,1171,httpgccali1171.jpg
Furman v. Georgia,SCt Case,"With 5 concurring opinions in a 5-4 decision, the Court held that the standardless and arbitrary imposition of the death penalty as currently imposed was unconstitutional under the 8th Amendment.",1972,,,,,,408 U.S. 238,http://g.cca.li/1172,1172,httpgccali1172.jpg
Roe v. Wade,SCt Case,"Allegedly, Chief Justice Burger joined the majority so that he could assign the opinion, which went to his friend, Justice Blackmun. Of course, this is one of the Court's most controversial decisions, upholding the right to choose an abortion.",1973,,,,,,410 U.S. 113,http://g.cca.li/1173,1173,httpgccali1173.jpg
United States v. Nixon,SCt Case,"Ruling unanimously, the Court held that the president cannot claim executive privilege in order to prevent evidence from being presented in a criminal trial; arising out of the Watergate affair, President Nixon resigned 15 days after the opinion issued.",1974,,,,,,418 U.S. 683,http://g.cca.li/1174,1174,httpgccali1174.jpg
Buckley v. Valeo,SCt Case,"In the first major campaign finance reform case, the Supreme Court upheld most contribution limits, but struck down limits on candidates's own contributions.",1976,,,,,,424 U.S. 1,http://g.cca.li/1175,1175,httpgccali1175.jpg
Gregg v. Georgia,SCt Case,"Voting 7-2 to reinstate the death penalty after states revised their capital statutes in response to Furman, the majority opinion was a rare joint opinion by three justices: Stewart, Powell, and Stevens.",1976,,,,,,428 U.S. 153,http://g.cca.li/1176,1176,httpgccali1176.jpg
Regents of the University of California v. Bakke,SCt Case,"In a fractured 4-1-4 decision, the Court struck down U. of California-Davis's set aside program for med school, but upheld the use of affirmative action measures in some circumstances; Justice Powell's concurrence is considered the precedential opinion.",1978,,,,,,438 U.S. 265,http://g.cca.li/1177,1177,httpgccali1177.jpg
Chevron U.S.A. v. NRDC,SCt Case,"The Supreme Court articulated the standard to be applied in evaluating the level of deference to give to an agency interpretation of a Congressional statute, now known as ""Chevron deference.""",1984,,,,,,467 U.S. 837,http://g.cca.li/1178,1178,httpgccali1178.jpg
Strickland v. Washington,SCt Case,"Strickland is the seminal case regarding ineffective assistance of counsel. To meet the Strickland test, defendant's attorney's performance must have fallen below an objective standard of performance AND, had he performed adequately, the defendant would've prevailed.",1984,,,,,,466 U.S. 668,http://g.cca.li/1179,1179,httpgccali1179.jpg
United States v. Leon,SCt Case,"The Supreme Court held that the exclusionary rule will not bar the introduction of evidence seized under a faulty warrant if the officers executing the warrant acted in ""good faith"" on the warrant's validity.",1984,,,,,,468 U.S. 897,http://g.cca.li/1180,1180,httpgccali1180.jpg
Garcia v. San Antonio Metro. Transit Auth.,SCt Case,"Reversing a 9-year-old precedent, the Court held that Congress had power under the Commerce Clause to extend minimum wage and 40-hour workweek restrictions to employees of state and local governments.",1985,,,,,,469 U.S. 528,http://g.cca.li/1181,1181,httpgccali1181.jpg
Batson v. Kentucky,SCt Case,The Supreme Court held that the use of peremptory challenges to exclude jurors solely on the basis of race violated the Equal Protection Clause.,1986,,,,,,476 U.S. 79,http://g.cca.li/1182,1182,httpgccali1182.jpg
Employment Division v. Smith,SCt Case,The Supreme Court upheld Oregon's denial of unemployment benefits to employees fired for using peyote as part of a religious ceremony.,1990,,,,,,494 U.S. 872,http://g.cca.li/1183,1183,httpgccali1183.jpg
Planned Parenthood v. Casey,SCt Case,"In a joint opinion by Justices O'Connor, Kennedy, & Souter, Roe v. Wade was upheld, but Roe's trimester framework was replaced by O'Connor's undue burden test to determine whether a state's regulation of abortion is constitutional.",1992,,,,,,505 U.S. 833,http://g.cca.li/1184,1184,httpgccali1184.jpg
United States v. Lopez,SCt Case,"For the 1st time since the New Deal, the Court held that an act of Congress, the Gun-Free School Zone Act, was not a valid exercise of Congress's Commerce Clause power.",1995,,,,,,514 U.S. 549,http://g.cca.li/1185,1185,httpgccali1185.jpg
Romer v. Evans,SCt Case,"The Supreme Court, per Kennedy, struck down Colorado's state amendment 2, disallowing local governments from passing laws protecting gays from discrimination. Though vague, the court suggested the law did not survive even rational basis.",1996,,,,,,517 U.S. 62,http://g.cca.li/1186,1186,httpgccali1186.jpg
Apprendi v. New Jersey,SCt Case,"The watershed case in the sentencing revolution, Apprendi held that any fact that could increase the defendant's sentence, other than that of a prior conviction, must be found by the jury beyond a reasonable doubt, rather than by a judge as an aggravating sentencing factor.",2000,,,,,,530 U.S. 466,http://g.cca.li/1187,1187,httpgccali1187.jpg
Bush v. Gore,SCt Case,"Effectively ending the recount in Florida, the Court held 5-4 that it was an equal protection violation for contested votes to be evaluated differently in different Florida counties, effectively allowing Florida's prior certification of the results in favor of George W. Bush to stand.",2000,,,,,,531 U.S. 98,http://g.cca.li/1188,1188,httpgccali1188.jpg
Stenberg v. Carhart,SCt Case,The Supreme Court narrowly struck down Nebraska's partial birth abortion ban on vagueness grounds. ,2000,,,,,,530 U.S. 914,http://g.cca.li/1189,1189,httpgccali1189.jpg
Lawrence v. Texas,SCt Case,"Authored by Justice Kennedy, Lawrence delivered one of the harshest rebukes to prior Supreme Court precedent: ""Bowers was not correct when it was decided, and it is not correct today."" The Court thus struck down a Texas law criminalizing sodomy.",2003,,,,,,539 U.S. 558,http://g.cca.li/1190,1190,httpgccali1190.jpg
McConnell v. FEC,SCt Case,"In some 200+ pages, the Supreme Court upheld and struck down various portions of the McCain-Feingold Campaign Finance Reform Act. It did not get any clearer after this.",2003,,,,,,540 U.S. 93,http://g.cca.li/1191,1191,httpgccali1191.jpg
Crawford v. Washington,SCt Case,"In a seminal Confrontation Clause case, the Supreme Court held that for out of court testimonial statements to be admitted against a defendant, they must have been subjected to cross-examination.",2004,,,,,,541 U.S. 36,http://g.cca.li/1192,1192,httpgccali1192.jpg
Hamdi v. Rumsfeld,SCt Case,"The Supreme Court held, without a majority opinion, that the federal government cannot hold a US citizen indefinitely without due process, even if allegedly a terrorist.",2004,,,,,,542 U.S. 507,http://g.cca.li/1193,1193,httpgccali1193.jpg
Kelo v. City of New London,SCt Case,"In a controversial decision that led to many states changing their eminent domain laws, the Supreme Court upheld a city's taking of private property, holding that economic development can be a ""public purpose"" under the 5th Amendment.",2005,,,,,,545 U.S. 469,http://g.cca.li/1194,1194,httpgccali1194.jpg
Roper v. Simmons,SCt Case,"Overruling Stanford v. Kentucky, the Court held that it is unconstitutional to execute an offender for a crime committed while a minor.",2005,,,,,,543 U.S. 551,http://g.cca.li/1195,1195,httpgccali1195.jpg
Hamdan v. Rumsfeld,SCt Case,"In a 5-3 decision with 6 of 8 justices writing an opinion, the Court held that the military commissions at Guantanamo did not conform with the Uniform Code of Military Justice or the Geneva Conventions.",2006,,,,,,548 U.S. 557,http://g.cca.li/1196,1196,httpgccali1196.jpg
PICS v. Seattle Sch. Dist. #1,SCt Case,"The Court, in a 4-1-4 decision, struck down the race-based school assignments in Seattle and Jefferson County, KY, holding that they were not narrowly tailored to achieve the state's interest; Justice Kennedy's swing vote laid out the standard for a state's compelling interest in a diverse student body.",2007,,,,,,551 U.S. 701,http://g.cca.li/1197,1197,httpgccali1197.jpg
District of Columbia v. Heller,SCt Case,"Finally settling a long-standing dispute over the meaning of the Second Amendment, the Supreme Court held that it guaranteed an individual, rather than a collective, right to keep and bear arms for self-defense, at least when applied to the home.",2008,,,,,,554 U.S. 570,http://g.cca.li/1198,1198,httpgccali1198.jpg
Citizens United v. FEC,SCt Case,"The watershed Supreme Court case striking down parts of the McCain-Feingold Act, including the limit on independent expenditures by corporations and unions.",2010,,,,,,558 U.S. 310,http://g.cca.li/1199,1199,httpgccali1199.jpg
First Amendment,Amendment,"Protects freedom of speech, free exercise of religion, freedom to peaceable assembly, right to petition the government, and restricts the government from establishing a religion",1791,,,,,,,http://g.cca.li/1000,1000,httpgccali1000.jpg
Second Amendment,Amendment,Protects the right to keep and bear arms,1791,,,,,,,http://g.cca.li/1001,1001,httpgccali1001.jpg
Third Amendment,Amendment,Prevents the quartering of soldiers in private residences,1791,,,,,,,http://g.cca.li/1002,1002,httpgccali1002.jpg
Fourth Amendment,Amendment,Protects against unlawful search and seizure without a warrant,1791,,,,,,,http://g.cca.li/1003,1003,httpgccali1003.jpg
Fifth Amendment,Amendment,"Part of the Bill of Rights, the 5th Amendment ensures the need for an indictment and due process, and protects against double jeopardy, self-incrimination, and takings of property without just compensation.",1791,,,,,,,http://g.cca.li/1004,1004,httpgccali1004.jpg
Sixth Amendment,Amendment,"Part of the Bill of Rights, the 6th Amendment guarantees to criminal defendants the right to a speedy and public trial; an impartial, local jury; the right to confront, and to compel the appearance of witnesses; and the assistance of counsel.",1791,,,,,,,http://g.cca.li/1005,1005,httpgccali1005.jpg
Seventh Amendment,Amendment,"Part of the Bill of Rights, the 7th Amendment guarantees the right to a jury trial in most civil cases.",1791,,,,,,,http://g.cca.li/1006,1006,httpgccali1006.jpg
Eighth Amendment,Amendment,"Establishes the prohibition on excessive fines and bail, as well as the prohibition of cruel and unusual punishment.",1791,,,,,,,http://g.cca.li/1007,1007,httpgccali1007.jpg
Ninth Amendment,Amendment,"Though little relied upon by the Supreme Court, the 9th Amendment guarantees that the rights of the people of the United States are not limited to those specifically enumerated in the Constitution.",1791,,,,,,,http://g.cca.li/1008,1008,httpgccali1008.jpg
Tenth Amendment,Amendment,"Part of the Bill of Rights, but little relied upon, the 10th Amendment guarantees that all powers not given to the federal government, and not denied to the states, are retained by the states or the people.",1791,,,,,,,http://g.cca.li/1009,1009,httpgccali1009.jpg
Eleventh Amendment,Amendment,"The Eleventh Amendment was ratified in order to boost the sovereign immunity of the states from suit in federal courts, in response to the Supreme Court's decision in Chisholm v. Georgia.",1795,,,,,,,http://g.cca.li/1010,1010,httpgccali1010.jpg
Twelfth Amendment,Amendment,"The 12th Amendment changed the voting structure of the Electoral College; instead of casting 2 votes for president (with the second-highest vote getter becoming VP), the electors would now cast a distinct vote for president and a distinct vote for vice-president.",1804,,,,,,,http://g.cca.li/1011,1011,httpgccali1011.jpg
Thirteenth Amendment,Amendment,Abolished slavery and involuntary servitude other than for punishment for a crime.,1865,,,,,,,http://g.cca.li/1012,1012,httpgccali1012.jpg
Fourteenth Amendment,Amendment,"One of the Reconstruction Amendments, the 14th established birthright citizenship, repealed the Constitution's 3/5ths apportionment for slaves, and, most importantly, granted board enforcement powers under Section 5 to Congress, allowing Congress in some cases to abrogate state sovereign immunity.",1868,,,,,,,http://g.cca.li/1013,1013,httpgccali1013.jpg
Fifteenth Amendment,Amendment,"One of the Reconstruction Amendments, the 15th Amendment prohibits the states from denying the right to vote on the basis of ""race, color, or previous condition of servitude.""",1870,,,,,,,http://g.cca.li/1014,1014,httpgccali1014.jpg
Seventeenth Amendment,Amendment,"The 17th Amendment changed the election of senators, shifting the vote from state legislatures to direct popular vote by state citizens, as with representatives. It also allows for temporary appointments to fill vacancies until the holding of a special election.",1913,,,,,,,http://g.cca.li/1015,1015,httpgccali1015.jpg
Sixteenth Amendment,Amendment,"Essentially overruling Pollock v. Farmers' Loan & Trust Co., the 16th Amendment gives Congress the power to levy income taxes.",1913,,,,,,,http://g.cca.li/1016,1016,httpgccali1016.jpg
Eighteenth Amendment,Amendment,"The Eighteenth Amendment established Prohibition, effectively outlawing the production and sale of alcoholic beverages in the U.S.",1920,,,,,,,http://g.cca.li/1017,1017,httpgccali1017.jpg
Nineteenth Amendment,Amendment,The 19th Amendment extended the right to vote to women.,1920,,,,,,,http://g.cca.li/1018,1018,httpgccali1018.jpg
Twentieth Amendment,Amendment,"The 20th Amendment established January 20th as Inauguration Day, January 3rd as the day the new Congress convenes, and governs the situation where there is no President-elect.",1933,,,,,,,http://g.cca.li/1019,1019,httpgccali1019.jpg
Twenty-First Amendment,Amendment,"The 21st Amendment repealed the 18th Amendment, ending Prohibition.",1933,,,,,,,http://g.cca.li/1020,1020,httpgccali1020.jpg
Twenty-Second Amendment,Amendment,The 22nd Amendment imposes term limits on the office of the president.,1951,,,,,,,http://g.cca.li/1021,1021,httpgccali1021.jpg
Twenty-Third Amendment,Amendment,The 23rd Amendment provides 3 electoral votes to the District of Columbia and the right of D.C. citizens to vote for presidential electors.,1961,,,,,,,http://g.cca.li/1022,1022,httpgccali1022.jpg
Twenty-Fourth Amendment,Amendment,"The 24th Amendment outlawed the use of the poll tax to exclude voters from federal elections, widely used in the South to deny the franchise to black voters.",1964,,,,,,,http://g.cca.li/1023,1023,httpgccali1023.jpg
Twenty-Fifth Amendment,Amendment,"The 25th Amendment clarifies the succession of the vice-president to the presidency upon the death or disability of the president, as well as the process for determining whether a disability exists.",1967,,,,,,,http://g.cca.li/1024,1024,httpgccali1024.jpg
Twenty-Sixth Amendment,Amendment,The 26th Amendment lowered the voting age to 18.,1971,,,,,,,http://g.cca.li/1025,1025,httpgccali1025.jpg
Twenty-Seventh Amendment,Amendment,The 27th Amendment requires that any legislative change in the salary of members of Congress cannot take effect until the seating of the following Congress.,1992,,,,,,,http://g.cca.li/1026,1026,httpgccali1026.jpg
