"ID","Title","Series","Text","Date1","Date2","Appt Pres","Case1","Case2","Case3","Citation"
1000,"First Amendment","Amendment","Protects freedom of speech, free exercise of religion, freedom to peaceable assembly, right to petition the government, and restricts the government from establishing a religion","1791",,,,,,
1001,"Second Amendment","Amendment","Protects the right to keep and bear arms","1791",,,,,,
1002,"Third Amendment","Amendment","Prevents the quartering of soldiers in private residences","1791",,,,,,
1003,"Fourth Amendment","Amendment","Protects against unlawful search and seizure without a warrant","1791",,,,,,
1004,"Fifth Amendment","Amendment","Part of the Bill of Rights, the 5th Amendment ensures the need for an indictment and due process, and protects against double jeopardy, self-incrimination, and takings of property without just compensation.","1791",,,,,,
1005,"Sixth Amendment","Amendment","Part of the Bill of Rights, the 6th Amendment guarantees to criminal defendants the right to a speedy and public trial; an impartial, local jury; the right to confront, and to compel the appearance of witnesses; and the assistance of counsel.","1791",,,,,,
1006,"Seventh Amendment","Amendment","Part of the Bill of Rights, the 7th Amendment guarantees the right to a jury trial in most civil cases.","1791",,,,,,
1007,"Eighth Amendment","Amendment","Establishes the prohibition on excessive fines and bail, as well as the prohibition of cruel and unusual punishment.","1791",,,,,,
1008,"Ninth Amendment","Amendment","Though little relied upon by the Supreme Court, the 9th Amendment guarantees that the rights of the people of the United States are not limited to those specifically enumerated in the Constitution.","1791",,,,,,
1009,"Tenth Amendment","Amendment","Part of the Bill of Rights, but little relied upon, the 10th Amendment guarantees that all powers not given to the federal government, and not denied to the states, are retained by the states or the people.","1791",,,,,,
1010,"Eleventh Amendment","Amendment","The Eleventh Amendment was ratified in order to boost the sovereign immunity of the states from suit in federal courts, in response to the Supreme Court's decision in Chisholm v. Georgia.","1795",,,,,,
1011,"Twelfth Amendment","Amendment","The 12th Amendment changed the voting structure of the Electoral College; instead of casting 2 votes for president (with the second-highest vote getter becoming VP), the electors would now cast a distinct vote for president and a distinct vote for vice-president.","1804",,,,,,
1012,"Thirteenth Amendment","Amendment","Abolished slavery and involuntary servitude other than for punishment for a crime.","1865",,,,,,
1013,"Fourteenth Amendment","Amendment","One of the Reconstruction Amendments, the 14th established birthright citizenship, repealed the Constitution's 3/5ths apportionment for slaves, and, most importantly, granted broad enforcement powers under Section 5 to Congress, allowing Congress in some cases to abrogate state sovereign immunity.","1868",,,,,,
1014,"Fifteenth Amendment","Amendment","One of the Reconstruction Amendments, the 15th Amendment prohibits the states from denying the right to vote on the basis of ""race, color, or previous condition of servitude.""","1870",,,,,,
1015,"Seventeenth Amendment","Amendment","The 17th Amendment changed the election of senators, shifting the vote from state legislatures to direct popular vote by state citizens, as with representatives. It also allows for temporary appointments to fill vacancies until the holding of a special election.","1913",,,,,,
1016,"Sixteenth Amendment","Amendment","Essentially overruling Pollock v. Farmers' Loan & Trust Co., the 16th Amendment gives Congress the power to levy income taxes.","1913",,,,,,
1017,"Eighteenth Amendment","Amendment","The Eighteenth Amendment established Prohibition, effectively outlawing the production and sale of alcoholic beverages in the U.S.","1920",,,,,,
1018,"Nineteenth Amendment","Amendment","The 19th Amendment extended the right to vote to women.","1920",,,,,,
1019,"Twentieth Amendment","Amendment","The 20th Amendment established January 20th as Inauguration Day, January 3rd as the day the new Congress convenes, and governs the situation where there is no President-elect.","1933",,,,,,
1020,"Twenty-First Amendment","Amendment","The 21st Amendment repealed the 18th Amendment, ending Prohibition.","1933",,,,,,
1021,"Twenty-Second Amendment","Amendment","The 22nd Amendment imposes term limits on the office of the president.","1951",,,,,,
1022,"Twenty-Third Amendment","Amendment","The 23rd Amendment provides 3 electoral votes to the District of Columbia and the right of D.C. citizens to vote for presidential electors.","1961",,,,,,
1023,"Twenty-Fourth Amendment","Amendment","The 24th Amendment outlawed the use of the poll tax to exclude voters from federal elections, widely used in the South to deny the franchise to black voters.","1964",,,,,,
1024,"Twenty-Fifth Amendment","Amendment","The 25th Amendment clarifies the succession of the vice-president to the presidency upon the death or disability of the president, as well as the process for determining whether a disability exists.","1967",,,,,,
1025,"Twenty-Sixth Amendment","Amendment","The 26th Amendment lowered the voting age to 18.","1971",,,,,,
1026,"Twenty-Seventh Amendment","Amendment","The 27th Amendment requires that any legislative change in the salary of members of Congress cannot take effect until the seating of the following Congress.","1992",,,,,,
1027,"John Jay","Justice","Co-author of the Federalist Papers and first Chief Justice of the United States.","1789","1795","Washington","Chisholm v. Georgia","Georgia v. Brailsford",,
1028,"James Iredell","Justice","A member of the first Supreme Court, Iredell was a Federalist who championed the ratification of the Constitution in his home state of North Carolina.","1790","1799","Washington","Calder v. Bull (concurrence)","Chisholm v. Georgia (dissent)",,
1029,"John Rutledge","Justice","Second Chief Justice of the United States. A recess appointment, he was not confirmed as chief by the Senate.","1795","1795","Washington","U.S. v. Peters","Talbot v. Janson",,
1030,"Oliver Ellsworth","Justice","Third Chief Justice.  Also served as senator from Connecticut.  Member of the Constitutional Convention's Committee on Detail; though he supported ratification, he left Philadelphia before signing of the Constitution.","1796","1800","Washington","N.Y. v. Conn.",,,
1031,"John Marshall","Justice","Fourth Chief Justice. Nearly consensus choice for greatest Chief Justice, and certainly the one who cemented the Court's image as a co-equal branch of the federal government.","1801","1835","J. Adams","Marbury v. Madison","McCulloch v. Maryland","Gibbons v. Ogden",
1032,"Joseph Story","Justice","Perhaps the greatest associate justice of the early republic, Story wrote one of the most cited treatises on American constitutional law.","1812","1845","Madison","Martin v. Hunter's Lessee","The Amistad","Prigg v. Pennsylvania",
1033,"Roger B. Taney","Justice","Fifth Chief Justice; the first Catholic on the Court, and also a slaveholder who ultimately freed his slaves.","1836","1864","Jackson","Scott v. Sandford","Charles River Bridge v. Warren Bridge","Ex parte Marryman (riding circuit)",
1034,"Stephen Johnson Field","Justice","Though a Democrat, Field was appointed to the Court during the Civil War to bring a Western balance (he was serving at the time as Chief Justice of California).","1863","1897","Lincoln","Pennoyer v. Neff","Slaughter-House Cases (dissent)","Ex parte Garland",
1035,"Salmon P. Chase","Justice","Sixth Chief Justice; as Lincoln's Treasury Secretary, the U.S. introduced the greenback during the Civil War. Presided over the impeachment trial of Andrew Johnson.","1864","1873","Lincoln","Texas v. White","Ex parte McCardle","Veazie Bank v. Fenno",
1036,"Joseph P. Bradley","Justice","Bradley, while serving on the Court, was also appointed to the commission that decided the disputed 1876 presidential election in favor of Republican Rutherford B. Hayes.","1870","1892","Grant","Hans v. Louisiana","Bradwell v. Illinois (concurrence)","C. M. & St. P. R. v. Minn.",
1037,"Morrison Waite","Justice","The 7th Chief Justice, Waite was nominated after a long series of failed attempts to find a suitable appointment.","1874","1888","Grant","Reynolds v. U.S.","U.S. v. Cruikshank","Munn v. Illinois",
1038,"John Marshall Harlan","Justice","The ""first"" Justice Harlan, perhaps most well-known for his lone dissent in both the Civil Rights Cases and Plessy v. Ferguson. He earned the nickname ""the Great Dissenter."" His grandson was the second John Marshall Harlan to serve on the Court.","1877","1811","Hayes","Civil Rights Cases (dissent)","Plessy v. Ferguson (dissent)","Lochner v. New York (dissent)",
1039,"Melville Fuller","Justice","The 8th Chief Justice, Fuller attended, but did not graduate from, Harvard Law School.","1888","1910","Cleveland","U.S. v. E.C. Knight Co.","Pollock v. Farmers' Loan & Trust Co.","Loewe v. Lawlor",
1040,"Rufus Wheeler Peckham","Justice","If any justice is synonymous with the ""Lochner Era"" it is Justice Peckham, who wielded substantive due process and the freedom of contract to restrict the government's ability to regulate commerce and property.","1896","1909","Cleveland","Lochner v. N.Y.","Allgeyer v. Louisiana","Ex parte Young",
1041,"Oliver Wendell Holmes, Jr.","Justice","Perhaps the most influential justice after Chief Justice Marshall, Holmes fought in the Civil War and served on the Massachusetts high court for 20 years before joining the Supreme Court.","1902","1932","T. Roosevelt","Schenck v. U.S.","Buck v. Bell","Abrams v. U.S. (dissent)",
1042,"Edward Douglass White","Justice","A former senator, this 9th Chief Justice was the author of the ""rule of reason"" in applying federal antitrust law.","1910","1921","Taft","Standard Oil Co. of N.J. v. U.S.","Selective Draft Law Cases","Guinn v. U.S.",
1043,"Louis Brandeis","Justice","Justice Brandeis is considered one of the most influential writers to serve on the Court; he was also the first Jewish member of the Supreme Court.","1916","1939","Wilson","Erie R. Co. v. Tompkins","New State Ice Co. v. Liebmann (dissent)","Whitney v. California (concurrence)",
1044,"William Howard Taft","Justice","The 10th Chief Justice was the first former president to serve on the Court and, as president, was the first president to throw out the first pitch at a baseball game.","1921","1930","Harding","Carroll v. U.S.","Olmstead v. U.S.","Balzac v. Porto Rico",
1045,"Charles Evans Hughes","Justice","The 11th Chief Justice (he also served a non-contiguous term as an associate justice), Hughes was also a Cabinet member as Secretary of State under Presidents Harding and Coolidge.","1930","1941","Hoover","Near v. Minnesota","Schechter Poultry Co. v. U.S.","NLRB v. Jones & Laughlin Steel Corp.",
1046,"Benjamin N. Cardozo","Justice","A Democrat appointed by a Republican, Cardozo is one of the most respected Justices to ever sit on the Court. Of Portuguese Jewish descent, some have wondered whether he should be considered the first Hispanic justice.","1932","1938","Hoover","Palko v. Connecticut","Nixon v. Condon","Steward Mach. Co. v. Davis",
1047,"Hugo Black","Justice","One of the Court's longest-serving justices, Black was liberal in many regards, while abstaining from endorsing seemingly ""liberal"" concepts, such as substantive due process or a constitutional right to privacy.","1937","1971","F.D. Roosevelt","Younger v. Harris","Korematsu v. U.S.","Adamson v. California (dissent)",
1048,"Felix Frankfurter","Justice","Born in Vienna, and a co-founder of the ACLU, Justice Frankfurter was appointed to the bench to replace Justice Cardozo.","1939","1962","F.D. Roosevelt","Minersville Sch. Dist. v. Gobitis","Colegrove v. Green","Wolf v. Colorado",
1049,"William O. Douglas","Justice","The longest-serving justice, Douglas was the Chairman of the relatively new Securities & Exchange Commission at the time of his appointment.","1939","1975","F.D. Roosevelt","Griswold v. Connecticut","Terminiello v. City of Chicago","Sierra Club v. Morton (dissent)",
1050,"Harlan F. Stone","Justice","The 12th Chief Justice, both his predecessor and successor as Attorney General also served on the Court.","1941","1946","F.D. Roosevelt","Hirabayashi v. U.S.","International Shoe v. Washington","Douglas v. City of Jeannette",
1051,"Robert H. Jackson","Justice","Although one of the most respected justices of the 20th Century, and an Attorney General, Jackson might be most well-know for prosecuting the Nuremburg War Crimes Trials after WWII.","1941","1954","F.D. Roosevelt","W.Va. State Bd. of Educ. v. Barnette","Youngstown Sheet & Tube Co. v. Sawyer (concurrence)","Skidmore v. Swift & Co.",
1052,"Fred M. Vinson","Justice","The 13th Chief Justice, he served in all three branches of the federal government, including as a Congressman and as Secretary of the Treasury.","1946","1953","Truman","U.S. v. United Mine Workers","Shelley v. Kraemer","Sweatt v. Painter",
1053,"Earl Warren","Justice","The 14th Chief Justice, a Republican Governor of California, Warren presided over perhaps the Court's greatest shift towards the protection and expansion of individual constitutional rights.","1953","1969","Eisenhower","Brown v. Bd. of Educ.","Reynolds v. Sims","Terry v. Ohio",
1054,"John Marshall Harlan II","Justice","The grandson of the first Justice Harlan, the second Justice Harlan was one of the first nominees to appear before the Senate Judiciary Committee (he was nominated shortly after the opinion issued in Brown v. Bd. of Educ.).","1955","1971","Eisenhower","Yates v. U.S.","NAACP v. Alabama","Cohen v. California",
1055,"William J. Brennan, Jr.","Justice","A Republican appointed by a Republican, Brennan eventually became one of the Court's most liberal members in areas such as civil liberties and capital punishment.","1956","1990","Eisenhower","Roth v. U.S.","New York Times Co. v. Sullivan","Texas v. Johnson",
1056,"Thurgood Marshall","Justice","A seasoned NAACP attorney, Marshall won 29 of the 32 cases he argued before the Supreme Court, before becoming the first African-American to sit on the Court.","1967","1991","L.B. Johnson","Stanley v. Georgia","Estelle v. Gamble","Ake v. Oklahoma",
1057,"Warren E. Burger","Justice","The 15th Chief Justice, Warren Earl Burger replaced Earl Warren as chief.","1969","1986","Nixon","Swann v. Charlotte-Mecklenburg Bd. of Ed.","INS v. Chadha","Lynch v. Donnelly",
1058,"Harry Blackmun","Justice","In his early days on the Court, Justice Blackmun & Chief Justice Burger were called the ""Minnesota Twins"" due to their shared home state and similar voting records.","1970","1994","Nixon","Roe v. Wade","Bowers v. Hardwick (dissent)","Callins v. Collins (dissent from denial of cert.)",
1059,"John Paul Stevens","Justice","Justice Stevens claims to have been in attendance at the 1932 World Series game between the Cubs & Yankees when Babe Ruth allegedly called his shot.","1975","2010","Ford","Hamdan v. Rumsfeld","Wallace v. Jaffree","Chevron v. NRDC",
1060,"Sandra Day O'Connor","Justice","The first woman on the Supreme Court, O'Connor was a classmate of Justice Rehnquist at Stanford Law. Graduating 3rd in her class, she was only able to find a job as a legal secretary.","1981","2006","Reagan","Grutter v. Bollinger","Planned Parenthood v. Casey (joint opinion)","Shaw v. Reno",
1061,"Antonin Scalia","Justice","A former U of Chicago law professor, Scalia sat on the DC Circuit before being elevated to replace Justice Rehnquist upon his own elevation to Chief Justice. Scalia abhors the use of legislative history.","1986","?","Reagan","Apprendi v. New Jersey","D.C. v. Heller","Kyllo v. U.S.",
1062,"William Rehnquist","Justice","The 16th Chief Justice, Rehnquist clerked for Justice Robert Jackson, and was succeeded on the Court by two current members: Justice Scalia as Associate Justice and Chief Justice Roberts as Chief.","1986","2005","Reagan","Dickerson v. U.S.","South Dakota v. Dole","National League of Cities v. Usery",
1063,"Anthony Kennedy","Justice","Kennedy, a swing vote on the Court,  was nominated after the failed nominations of Robert Bork and Douglas Ginsburg.","1988","?","Reagan","Lawrence v. Texas","Gonzales v. Carhart","Kennedy v. Louisiana",
1064,"Clarence Thomas","Justice","The second African-American to serve on the Supreme Court , replacing the first, Thurgood Marshall, Thomas endured a bitter confirmation hearing amidst allegations of sexual harassment during his tenure as Chairman of the EEOC.","1991","?","G.H.W. Bush","ACLU v. Ashcroft","Kansas v. Marsh","Bd. of Educ. v. Earls",
1065,"Ruth Bader Ginsburg","Justice","The second woman justice and the first female Jewish justice, Ginsburg, like many recent appointees, served on the D.C. Circuit at the time of her nomination.","1993","?","Clinton","Eldred v. Ashcroft","U.S. v. Virginia","Oregon v. Ice",
1066,"Stephen Breyer","Justice","Justice Breyer sometimes must recuse himself when cases trickle up from the Northern District of California, where his brother is a judge. He & Justice Scalia also like to debate each other on constitutional interpretation.","1994","?","Clinton","U.S. v. Booker","Indiana v. Edwards","U.S. v. Lara",
1067,"John G. Roberts","Justice","The 17th Chief Justice, Roberts was initially named to replace Sandra Day O'Connor, but was renominated to replace Chief Justice Rehnquist when he died shortly thereafter.","2005","?","G.W. Bush","Parents Involved in Community Schools v. Seattle School District No. 1","National Federation of Independent Business v. Sebelius","U.S. v. Stevens",
1068,"Samuel Alito","Justice","Though Justice Alito had the second lowest confirmation vote in the Senate among members of the Roberts Court, he was rated as ""well qualified"" by the ABA.","2006","?","G.H.W. Bush","Davis v. FEC","McDonald v. Chicago","Snyder v. Phelps (dissent)",
1069,"Sonia Sotomayor","Justice","The 3rd woman and 1st Latina on the Supreme Court, Justice Sotomayor was in the limelight as a US district judge when she issued a ruling against baseball owners that effectively ended the 1994-95 baseball strike.","2009","?","Obama","Missouri v. McNeely","Microsoft v. i4i","Milavetz, Gallop & Milavetz, P. A. v. United States",
1070,"Elena Kagan","Justice","A former Harvard Law School dean, and Solicitor General  of the U.S., Justice Kagan replaced Justice John Paul Stevens on the Court.","2010","?","Obama","Camreta v. Greene","Miller v. Alabama","Tapia v. U.S.",
1071,"Northwest Ordinance","Public Law","Originally passed by the Congress under the Articles of Confederation, and re-passed under the new Congress following ratification of the Constitution, this law set the template for government in non-state territories that were slated for future statehood.","1787",,,,,,
1072,"First Judiciary Act","Public Law","Pursuant to the new Constitution, Congress passed this act establishing the Supreme Court, with 6 justices, as well as lower federal courts and delineated their respective jurisdictions.","1789",,,,,,
1073,"Alien and Sedition Acts","Public Law","Three notorious acts passed during the ""Quasi War"" with France; largely considered to have been unconstitutional in retrospect.","1798",,,,,,
1074,"Missouri Compromise","Public Law","In a compromise between pro- and anti-slavery factions, Missouri was admitted as a slave state, while Maine was admitted as a free state. No other parts of the Louisiana Territory north of Missouri could be admitted as a slave state.","1820",,,,,,
1075,"Fugitive Slave Act","Public Law","This second federal fugitive slave law increased the tension between the Northern and Southern states leading up to the Civil War.","1850",,,,,,
1076,"Kansas-Nebraska Act","Public Law","An attempt at compromise brought Kansas & Nebraska into the union with their settlers given the right to determine whether they would become free or slave states. This led to violence in Kansas, known as ""Bloody Kansas.""","1854",,,,,,
1077,"Habeas Corpus Suspension Act","Public Law","Congress passed this act in order to retroactively give authority to President Lincoln for his suspension of habeas corpus in response to the Civil War.","1863",,,,,,
1078,"First Civil Rights Act","Public Law","Although enacted under the authority of the 13th Amendment, this civil rights act was subsequently mostly constitutionalized as the 14th Amendment due to doubts regarding its constitutionality.","1866",,,,,,
1079,"Reconstruction Acts","Public Law","A series of four acts to provide for the administration of the former Confederate states and to transition them for re-admittance to the Union; they generally provided for military government in the South.","1867",,,,,,
1080,"Civil Rights Act (aka Ku Klux Klan Act)","Public Law","A civil rights act passed to suspend habeas corpus in areas of the Deep South where the KKK was preventing enforcement of the Reconstruction Amendments; it's the original enactment of the current 42 U.S.C. § 1983.","1871",,,,,,
1081,"Third Civil Rights Act","Public Law","AKA the Enforcement Act, this Civil Rights Act, providing for equal treatment for African Americans on juries and with regards to public transportation and accommodations, was struck down by the Civil Rights Cases.","1875",,,,,,
1082,"Interstate Commerce Act","Public Law","This act, which created the Interstate Commerce Commission, was the beginning of the modern administrative state, which expanded exponentially 50 years later during the New Deal.","1887",,,,,,
1083,"Sherman Antitrust Act","Public Law","The landmark, and still preeminent, federal law regulating anticompetitive conduct by commercial enterprises. It was named for its drafter, Senator John Sherman (R-OH).","1890",,,,,,
1084,"Federal Employers' Liability Act","Public Law","Passed by Congress to address both the increasing use of railroads in commerce and also the increasing amount of railroad employee injuries, this law provided a cause of action for railroad employees injured on the job. As it is not a workers' compensation program, negligence must be shown.","1908",,,,,,
1085,"Mann Act","Public Law","Named for its Congressional sponsor, this act prohibited the transportation across state lines of women for ""immoral purposes."" Chuck Berry was once convicted under the Mann Act; Charlie Chaplin was tried and acquitted.","1910",,,,,,
1086,"Clayton Antitrust Act","Public Law","A sequel to the Sherman Antitrust Act, the Clayton Act preempts certain anticompetitive conduct, such as price discrimination and mergers with anticompetitive effects.","1914",,,,,,
1087,"Federal Trade Commission Act","Public Law","The FTC Act established the Federal Trade Commission, granting the federal government broader power in ""trust-busting"" and curbing anticompetitive conduct.","1914",,,,,,
1088,"Espionage Act","Public Law","Passed in conjunction with the United States' entry into World War I, the Espionage Act has withstood numerous First Amendment challenges. Some of the more constitutionally problematic sections were subsequently repealed.","1917",,,,,,
1089,"Selective Service Act","Public Law","Unlike in the Civil War, the draft established for World War I did not allow a draftee to substitute someone in his place; the Supreme Court upheld the law in the Selective Draft Law Cases.","1917",,,,,,
1090,"National Prohibition Act (Volstead Act)","Public Law","This act of Congress put the 18th Amendment in effect; it was effectively a nullity upon the ratification of the 21st Amendment.","1919",,,,,,
1091,"Federal Arbitration Act","Public Law","This law was passed in order to circumvent a judicial hostility toward, and resultant failure to enforce, contracts to arbitrate. The modern Supreme Court has been relatively strict in its enforcement.","1926",,,,,,
1092,"Smoot-Hawley Tariff","Public Law","This tariff, passed by Congress to raise revenue during the Great Depression, had the effect of sinking the country further into the depression as foreign trade partners raised their tariffs in retaliation, decreasing American trade.","1930",,,,,,
1093,"Agricultural Adjustment Act","Public Law","This New Deal law paid farmers a subsidy to destroy excess crops and livestock, in order to raise the value of remaining crops. Held unconstitutional, a later act remedied the problems with the original.","1933",,,,,,
1094,"Securities Act","Public Law","The Securities Act, passed in the aftermath of the 1929 stock market crash, requires that securities sold on the market in the U.S. be registered and that all material information be conveyed to the public. The Securities Act primarily applies to the initial offering of a security.","1933",,,,,,
1095,"Securities Exchange Act","Public Law","The Securities Exchange Act is the sequel to the Securities Act, also passed in response to the stock market crash of 1929. As opposed to the Securities Act, the Securities Exchange Act primarily applies to the resale or trading of securities, after their initial offering and sale.","1934",,,,,,
1096,"National Labor Relations Act","Public Law","The NLRA is the major statute defining management-union relations. It covers the right to organize and collectively bargain, and established the National Labor Relations Board to settle disputes arising under the act.","1935",,,,,,
1097,"Social Security Act","Public Law","The symbolic first Social Security Card was issued to John David Sweeney, Jr. The lowest numbered card went to the chairman of the Social Security Board.","1935",,,,,,
1098,"Fair Labor Standards Act","Public Law","This landmark federal law, passed during the New Deal, established, among other things, the minimum wage, the 40-hour workweek, and time-and-a-half overtime pay.","1938",,,,,,
1099,"Federal Food, Drug and Cosmetic Act","Public Law","Superseding and expanding the Pure Food & Drug Act, this act gave more power to the FDA to regulate a broader category of consumer goods.","1938",,,,,,
1100,"Administrative Procedure Act","Public Law","With the mass expansion of regulatory agencies established during the New Deal, this act was passed to  circumscribe the ways in which such agencies made law.","1946",,,,,,
1101,"Lanham Trademark Act","Public Law","The Lanham Act, named for drafter Congressman Fritz Lanham, provides for the protection of trademarks. It protects against outright infringement as well as more subtle violations, such as dilution.","1946",,,,,,
1102,"Taft-Hartley Act","Public Law","AKA the Labor-Management Relations Act, Taft-Hartley was passed in order to trim back the gains made by unions since the passage of the NLRA, and thus imposed some limits on unions previously only imposed on employers.","1947",,,,,,
1103,"Federal Water Pollution Control Act","Public Law","One of the first federal environmental acts, it was limited to interstate waters, and was greatly expanded by amendment 24 years later.","1948",,,,,,
1104,"Immigration and Nationality Act","Public Law","The INA was one of the first major overhauls of U.S. immigration law; while it abolished some of the racial restrictions imposed by past acts, it also expanded the category of deportable aliens; it also extended birthright citizenship to children born in American territories.","1952",,,,,,
1105,"Clean Air Act","Public Law","Though not the first environmental legislation passed by Congress, the Clean Air Act was one of the first to include a vehicle for citizen suits to enforce its provisions (aka ""private attorneys general"").","1963",,,,,,
1106,"Civil Rights Act","Public Law","Landmark legislation that outlawed discrimination on the basis of religion, race, sex, and national origin, in employment and public accommodations, among other areas.","1964",,,,,,
1107,"Voting Rights Act","Public Law","In an attempt to circumvent Southern attempts to impede black voting, the Voting Rights Act established ""covered jurisdictions"" in which apportionment and changes to voting qualifications in such jurisdictions had to be approved by the Attorney General or a 3-judge district court in D.C.","1965",,,,,,
1108,"Age Discrimination in Employment Act","Public Law","This act was passed to prohibit employment discrimination against workers aged 40 or older.","1967",,,,,,
1109,"Federal Election Campaign Act","Public Law","This act was passed to regulate federal election campaign contributions and expenditures, in order to reduce the appearance of corruption. Though parts were held unconstitutional, it mostly survived challenge in Buckley v. Valeo.","1971",,,,,,
1110,"Employee Retirement Income Security Act","Public Law","This Act, aka ""ERISA,"" includes provisions setting standards for the governance of pension, retirement, and other benefit plans, as well as establishes liabilities against plan administrators for breaches of fiduciary duties. In operation, it has had the practical effect of preempting many common law tort claims.","1974",,,,,,
1111,"Copyright Act","Public Law","This most recent major revision of the U.S. copyright laws abolished the renewal of terms, tying the right to the death of the author; and codified the fair use doctrine, among other things.","1976",,,,,,
1112,"Foreign Corrupt Practices Act","Public Law","The FCPA was primarily enacted to combat the scourge of bribing foreign officials for favorable treatment with regards to business interests, although it also applies to the trading of securities, among other things.","1977",,,,,,
1113,"CERCLA","Public Law","The Comprehensive Environmental Response, Compensation, and Liability Act created the ""Superfund"" program to devote efforts towards cleaning up the nation's most polluted sites, and establishing liability for polluters and owners of such sites.","1980",,,,,,
1114,"Americans with Disabilities Act","Public Law","This wide-ranging law prohibits discrimination against the disabled in employment and public accommodations, among other areas.","1990",,,,,,
1115,"Family and Medical Leave Act","Public Law","Originally vetoed by President G.H.W. Bush, this law establishing paid parental and medical leave was re-passed by the next Congress and signed by President Clinton.","1993",,,,,,
1116,"Defense of Marriage Act","Public Law","This act, or DOMA, restricted federal benefits available to married couples to only opposite sex marriages, as well as relieving states from having to recognize out of state same-sex marriages.","1996",,,,,,
1117,"No Child Left Behind Act","Public Law","No Child Left Behind is perhaps the most controversial federal education act. The jury's still out on whether it's had a positive or negative effect. It was passed with very broad support.","2001",,,,,,
1118,"USA PATRIOT Act","Public Law","Passed in the aftermath of the 9/11 attacks, the PATRIOT Act, among other things, increased the ability of the federal government to seek search warrants before the Foreign Intelligence Surveillance Court.","2001",,,,,,
1119,"Patient Protection and Affordable Care Act","Public Law","AKA ""Health Care Reform"" and ""Obamacare,"" this landmark legislation requires, among other things, the purchase of health care insurance or  the payment of a penalty, which provision was upheld by the Supreme Court in 2012.","2010",,,,,,
1120,"Cohens v. Virginia","SCt Case","In a major early case involving the extent of the Supreme Court's jurisdiction, the Court held that it had power to review the decisions of state criminal cases wherein the defendant asserts a violation of his federal constitutional rights.","1821",,,,,,"19 U.S. 264"
1121,"Hayburn's Case","SCt Case","While not decided on the merits, the justices, in a precursor to Marbury, expressed the view that Congress could not constitutionally assign to them non-judicial functions.","1792",,,,,,"2 U.S. 409"
1122,"Marbury v. Madison","SCt Case","THE landmark Supreme Court case, in which a wily Chief Justice Marshall gave a procedural win to political rival Thomas Jefferson while also establishing the Court's power of judicial review of the constitutionality of acts passed by Congress.","1803",,,,,,"5 U.S. 137"
1123,"Fletcher v. Peck","SCt Case","Ruling under the Contracts Clause of the Constitution, the Supreme Court for the first time held a state law to be unconstitutional (for violating the prohibition on impairing contracts).","1810",,,,,,"10 U.S. 87"
1124,"Martin v. Hunter's Lessee","SCt Case","In a case in which the Virginia Supreme Court interpreted a U.S. treaty, the Supreme Court held that it had final say over state courts in matters of federal law.","1816",,,,,,"14 U.S. 304"
1125,"McCulloch v. Maryland","SCt Case","The Court upheld the creation of a national bank; though not a power expressly granted to Congress, the Court held that Congress's power was implied in the Necessary and Proper Clause.","1819",,,,,,"17 U.S. 316"
1126,"Trustees of Dartmouth College v. Woodward","SCt Case","The Court applied the Contracts Clause to hold that a contract (in this case, a royal charter), even though predating the Revolution, could not constitutionally be impaired by a state.","1819",,,,,,"17 U.S. 518"
1127,"Barron v. Baltimore","SCt Case","The Supreme Court held that the Bill of Rights applied only to the federal government, and was therefore not a limit on state power.","1823",,,,,,"32 U.S. (7 Pet.) 243"
1128,"Gibbons v. Ogden","SCt Case","The Court, per Chief Justice Marshall, struck down an exclusive New York-issued license to navigate its waterways, holding that the Commerce Clause vested such authority in Congress, and that navigation was included within the power.","1824",,,,,,"22 U.S. 1"
1129,"Scott v. Sandford","SCt Case","aka the ""Dred Scott Decision,"" the Supreme Court held that taking a slave into a free state did not have the effect of granting the slave his freedom.","1857",,,,,,"60 U.S. 393"
1130,"Ex parte Milligan","SCt Case","The Supreme Court upheld the suspension of habeas corpus during the Civil War, but also held that civilians could not be tried by military courts in areas where civilian courts were still functioning.","1866",,,,,,"71 U.S. (4 Wall.) 2"
1131,"Texas v. White","SCt Case","The Supreme Court held that the Constitution did not permit unilateral secession, and the post-secession acts of Texas's legislature had no legal effect.","1869",,,,,,"74 U.S. 700"
1132,"Bradwell v. Illinois","SCt Case","The Supreme Court held that the 14th Amendment's Privileges & Immunities Clause did not prohibit states from denying women the right to practice law.","1873",,,,,,"83 U.S. 130"
1133,"Slaughterhouse Cases","SCt Case","A decision by the Court that left little if any work to be done by the Privileges & Immunities Clause of the 14th Amendment.  It is heavily criticized as having been incorrectly decided.","1873",,,,,,"83 U.S. 36"
1134,"Strauder v. West Virginia","SCt Case","The Supreme Court reversed Strauder's conviction under the Equal Protection Clause as Strauder, who was black, was tried before an all-white jury due to West Virginia's exclusion of blacks from jury service.","1880",,,,,,"100 U.S. 303"
1135,"Civil Rights Cases","SCt Case","Striking down the Civil Rights Act of 1875, the Supreme Court held that the 14th Amendment's Equal Protection Clause could not be applied against private actions.","1883",,,,,,"109 U.S. 3"
1136,"Yick Wo v. Hopkins","SCt Case","The Court held that even though a law might be neutral on its face, if applied in a racially discriminatory manner (in this case, against Chinese immigrants), it will still violate the Equal Protection Clause.","1886",,,,,,"118 U.S. 356"
1137,"Plessy v. Ferguson","SCt Case","Often listed in the worst decisions of the Supreme Court (along with Dred Scott, Korematsu, and Lochner), Plessey upheld ""separate but equal"" segregation against a strong, solo dissent from the first Justice Harlan.","1896",,,,,,"163 U.S. 537"
1138,"Northern Securities Co. v. United States","SCt Case","In a test of the Sherman Antitrust Act, the Supreme Court, 5-4, held that the Northern Securities Co., a holding company for railroads, had to be dissolved.","1904",,,,,,"193 U.S. 197"
1139,"Lochner v. New York","SCt Case","Interpreting the Due Process Clause of the 14th Amendment to guarantee liberty of contract, the Court struck down New York's maximum hours laws for bakers, enacted in order to safeguard their health.","1905",,,,,,"198 U.S. 45"
1140,"Ex parte Young","SCt Case","A seminal case that provides an end around state sovereign immunity, by allowing for injunctive relief against state officials.","1908",,,,,,"209 U.S. 123"
1141,"Muller v. Oregon","SCt Case","This case is perhaps most well-know for future Justice Brandeis's brief on behalf of Oregon, marshalling social science arguments in favor of Oregon's law restricting the length of the workweek for women. This was to become known as a ""Brandeis Brief.""","1908",,,,,,"208 U.S. 412"
1142,"Weeks v. United States","SCt Case","Federal agents cannot seize evidence from a home without a warrant and such evidence cannot be used at trial, thus establishing the exclusionary rule with regard to federal prosecutions.","1914",,,,,,"232 U.S. 383"
1143,"Pennsylvania Coal Co. v. Mahon","SCt Case","This case established the ""regulatory taking,"" in which a taking can occur not by physical deprivation of the property, but rather by governmental regulation of its use in a way that diminishes its useful value.","1922",,,,,,"260 U.S. 393"
1144,"Meyer v. Nebraska","SCt Case","In an early use of substantive due process to expand individual rights, the Court held that the Due Process Clause precluded Nebraska's ban on the teaching of foreign languages.","1923",,,,,,"262 U.S. 390"
1145,"Carroll v. United States","SCt Case","In establishing one of the first exceptions to the warrant requirement, the Supreme Court created an ""automobile exception"" allowing a warrantless search of a car.","1925",,,,,,"267 U.S. 132"
1146,"Pierce v. Society of Sisters","SCt Case","The Supreme Court held that a state's compulsory public education law forbidding private education, was a violation of substantive due process under the 14th Amendment.","1925",,,,,,"268 U.S. 510"
1147,"Buck v. Bell","SCt Case","The Supreme Court, in a heavily criticized decision, upheld a state statute mandating forced sterilization upon, among others, the mentally retarded, against a Due Process challenge.","1927",,,,,,"274 U.S. 200"
1148,"Near v. Minnesota","SCt Case","Though only a 5-4 decision at the time, Near established an almost insurmountable rule against prior restraints against publication under the First Amendment.","1931",,,,,,"283 U.S. 697"
1149,"Schechter Poultry Corp. v. United States","SCt Case","One of the cases that led to FDR's court-packing plan, the Court unanimously struck down part of the National Industrial Recovery Act as beyond Congress's Commerce Clause power.","1935",,,,,,"295 U.S. 495"
1150,"NLRB v. Jones & Laughlin Steel Corp.","SCt Case","A bend in the river that pointed towards the Court's acceptance of the New Deal, the Court upheld the National Labor Relations Act, the start of an almost 60-year unbroken string of Commerce Clause victories for Congress.","1937",,,,,,"301 U.S. 1"
1151,"Palko v. Connecticut","SCt Case","Though ultimately overruled, this case set the tone for the Court's ""selective incorporation"" of the Bill of Rights through the 14th Amendment; here, though, the Court held that the protection against double jeopardy did not apply to the states.","1937",,,,,,"302 U.S. 319"
1152,"United States v. Carolene Products Co.","SCt Case","Footnote 4 of this case, which was dicta, established the basis for heightened judicial review in cases of laws directed towards ""discrete and insular minorities.""","1938",,,,,,"304 U.S. 144"
1153,"Chaplinsky v. New Hampshire","SCt Case","The Supreme Court held that ""fighting words"" likely to provoke an immediate breach of the peace, are not entitled to First Amendment protection.","1942",,,,,,"315 U.S. 568"
1154,"Wickard v. Filburn","SCt Case","The Court upheld Congress's regulation of wheat that did not move in interstate commerce due to the cumulative effects the ""intrastate"" wheat on the price of ""interstate"" wheat were the former not regulated; perhaps the furthest extent granted to Congress's Commerce Clause power.","1942",,,,,,"317 U.S. 111"
1155,"Korematsu v. United States","SCt Case","The 20th Century analogue to Dred Scott, the Court upheld the executive order interning Japanese-American citizens during World War II. One of the Court's most criticized decisions.","1944",,,,,,"323 U.S. 214"
1156,"Shelley v. Kraemer","SCt Case","The Supreme Court held that a state court's enforcement of a restrictive covenant amounted to state action, and thus was unconstitutional under the 14th Amendment.","1948",,,,,,"334 U.S. 1"
1157,"Youngstown Sheet & Tube Co. v. Sawyer","SCt Case","The Supreme Court held that the president did not have the authority to seize the nation's steel mills, in order to avert a strike during the Korean War, without Constitutional or statutory authority; Justice Jackson's concurrence has emerged as the standard for assessing Presidential power.","1952",,,,,,"343 U.S. 579"
1158,"Brown v. Board of Education of Topeka","SCt Case","In one of the Supreme Court's most important and best-known cases, the Court unanimously struck down racial segregation in public schools.","1954",,,,,,"347 U.S. 483"
1159,"NAACP v. Alabama","SCt Case","The Supreme Court held that Alabama, in an attempt to keep the NAACP from agitating within the state, could not compel the NAACP to provide membership lists to the state by virtue of the Due Process Clause of the 14th Amendment.","1958",,,,,,"357 U.S. 449"
1160,"Mapp v. Ohio","SCt Case","In Mapp, the Supreme Court extended the exclusionary rule, which bars the use of evidence obtained in violation of the 4th Amendment in a criminal trial, to state criminal proceedings.","1961",,,,,,"367 U.S. 643"
1161,"Baker v. Carr","SCt Case","A watershed reapportionment case, in which the Supreme Court held that a dispute over legislative redistricting was not a ""political question"" and thus could be decided by the Court.","1962",,,,,,"369 U.S. 186"
1162,"Engel v. Vitale","SCt Case","The Supreme Court held that it is a violation of the Establishment Clause for states to compose an official prayer for recitation in their public schools.","1962",,,,,,"370 U.S. 421"
1163,"Gideon v. Wainwright","SCt Case","In Gideon, the Supreme Court unanimously extended the 6th Amendment guarantee of representation by counsel in a criminal trial to the states.","1963",,,,,,"372 U.S. 335"
1164,"New York Times Co. v. Sullivan","SCt Case","New York Times v. Sullivan set the standard for defamation of public figures, holding that plaintiffs must prove actual malice to prevail.","1964",,,,,,"376 U.S. 254"
1165,"Reynolds v. Sims","SCt Case","Upholding the principle of ""one man, one vote,"" the Supreme Court held that state legislative districts had to be of roughly equal populations.","1964",,,,,,"377 U.S. 533"
1166,"Griswold v. Connecticut","SCt Case","Finding a right to privacy in the ""penumbras"" of the Bill of Rights, the Court struck down a Connecticut statute outlawing the sale of contraceptives to married couples.","1965",,,,,,"381 U.S. 479"
1167,"Miranda v. Arizona","SCt Case","The Court held that in order to protect the right against self-incrimination, the police need to advise a person in custody of his constitutional right to remain silent and to have an attorney present at questioning.","1966",,,,,,"384 U.S. 436"
1168,"Terry v. Ohio","SCt Case","Terry set the standard for a brief, investigatory stop when a police officer has ""reasonable suspicion"" that the person under surveillance has committed or is about to commit a crime. The stop may include a pat-and-frisk for the officer's protection and does not require probable cause to arrest.","1968",,,,,,"392 U.S. 1"
1169,"Tinker v. Des Moines Indep. Cmty. Sch. Dist.","SCt Case","In a case dealing with junior & high school students' protest of the Vietnam War, the Court set the standard for evaluating student speech claims under the First Amendment, holding that students still retain some First Amendment rights even while in school.","1969",,,,,,"393 U.S. 503"
1170,"Bivens v. Six Unknown Named Agents","SCt Case","The Supreme Court in Bivens held that there was an implied cause of action against federal agents for some constitutional violations, in this case, a violation of the Fourth Amendment.","1971",,,,,,"403 U.S. 388"
1171,"Swann v. Charlotte-Mecklenburg Bd. of Educ.","SCt Case","In Swann, the Court upheld as a remedy in some cases the use of forced busing of students beyond district boundaries and the nearest school in order to integrate racially-segregated schools.","1971",,,,,,"402 U.S. 1"
1172,"Furman v. Georgia","SCt Case","With 5 concurring opinions in a 5-4 decision, the Court held that the standardless and arbitrary imposition of the death penalty as currently imposed was unconstitutional under the 8th Amendment.","1972",,,,,,"408 U.S. 238"
1173,"Roe v. Wade","SCt Case","Allegedly, Chief Justice Burger joined the majority so that he could assign the opinion, which went to his friend, Justice Blackmun. Of course, this is one of the Court's most controversial decisions, upholding the right to choose an abortion.","1973",,,,,,"410 U.S. 113"
1174,"United States v. Nixon","SCt Case","Ruling unanimously, the Court held that the president cannot claim executive privilege in order to prevent evidence from being presented in a criminal trial; arising out of the Watergate affair, President Nixon resigned 15 days after the opinion issued.","1974",,,,,,"418 U.S. 683"
1175,"Buckley v. Valeo","SCt Case","In the first major campaign finance reform case, the Supreme Court upheld most contribution limits, but struck down limits on candidates's own contributions.","1976",,,,,,"424 U.S. 1"
1176,"Gregg v. Georgia","SCt Case","Voting 7-2 to reinstate the death penalty after states revised their capital statutes in response to Furman, the majority opinion was a rare joint opinion by three justices: Stewart, Powell, and Stevens.","1976",,,,,,"428 U.S. 153"
1177,"Regents of the University of California v. Bakke","SCt Case","In a fractured 4-1-4 decision, the Court struck down U. of California-Davis's set aside program for med school, but upheld the use of affirmative action measures in some circumstances; Justice Powell's concurrence is considered the precedential opinion.","1978",,,,,,"438 U.S. 265"
1178,"Chevron U.S.A. v. NRDC","SCt Case","The Supreme Court articulated the standard to be applied in evaluating the level of deference to give to an agency interpretation of a Congressional statute, now known as ""Chevron deference.""","1984",,,,,,"467 U.S. 837"
1179,"Strickland v. Washington","SCt Case","Strickland is the seminal case regarding ineffective assistance of counsel. To meet the Strickland test, defendant's attorney's performance must have fallen below an objective standard of performance AND, had he performed adequately, the defendant would've prevailed.","1984",,,,,,"466 U.S. 668"
1180,"United States v. Leon","SCt Case","The Supreme Court held that the exclusionary rule will not bar the introduction of evidence seized under a faulty warrant if the officers executing the warrant acted in ""good faith"" on the warrant's validity.","1984",,,,,,"468 U.S. 897"
1181,"Garcia v. San Antonio Metro. Transit Auth.","SCt Case","Reversing a 9-year-old precedent, the Court held that Congress had power under the Commerce Clause to extend minimum wage and 40-hour workweek restrictions to employees of state and local governments.","1985",,,,,,"469 U.S. 528"
1182,"Batson v. Kentucky","SCt Case","The Supreme Court held that the use of peremptory challenges to exclude jurors solely on the basis of race violated the Equal Protection Clause.","1986",,,,,,"476 U.S. 79"
1183,"Employment Division v. Smith","SCt Case","The Supreme Court upheld Oregon's denial of unemployment benefits to employees fired for using peyote as part of a religious ceremony.","1990",,,,,,"494 U.S. 872"
1184,"Planned Parenthood v. Casey","SCt Case","In a joint opinion by Justices O'Connor, Kennedy, & Souter, Roe v. Wade was upheld, but Roe's trimester framework was replaced by O'Connor's undue burden test to determine whether a state's regulation of abortion is constitutional.","1992",,,,,,"505 U.S. 833"
1185,"United States v. Lopez","SCt Case","For the 1st time since the New Deal, the Court held that an act of Congress, the Gun-Free School Zone Act, was not a valid exercise of Congress's Commerce Clause power.","1995",,,,,,"514 U.S. 549"
1186,"Romer v. Evans","SCt Case","The Supreme Court, per Kennedy, struck down Colorado's state amendment 2, disallowing local governments from passing laws protecting gays from discrimination. Though vague, the court suggested the law did not survive even rational basis.","1996",,,,,,"517 U.S. 62"
1187,"Apprendi v. New Jersey","SCt Case","The watershed case in the sentencing revolution, Apprendi held that any fact that could increase the defendant's sentence, other than that of a prior conviction, must be found by the jury beyond a reasonable doubt, rather than by a judge as an aggravating sentencing factor.","2000",,,,,,"530 U.S. 466"
1188,"Bush v. Gore","SCt Case","Effectively ending the recount in Florida, the Court held 5-4 that it was an equal protection violation for contested votes to be evaluated differently in different Florida counties, effectively allowing Florida's prior certification of the results in favor of George W. Bush to stand.","2000",,,,,,"531 U.S. 98"
1189,"Stenberg v. Carhart","SCt Case","The Supreme Court narrowly struck down Nebraska's partial birth abortion ban on vagueness grounds.","2000",,,,,,"530 U.S. 914"
1190,"Lawrence v. Texas","SCt Case","Authored by Justice Kennedy, Lawrence delivered one of the harshest rebukes to prior Supreme Court precedent: ""Bowers was not correct when it was decided, and it is not correct today."" The Court thus struck down a Texas law criminalizing sodomy.","2003",,,,,,"539 U.S. 558"
1191,"McConnell v. FEC","SCt Case","In some 200+ pages, the Supreme Court upheld and struck down various portions of the McCain-Feingold Campaign Finance Reform Act. It did not get any clearer after this.","2003",,,,,,"540 U.S. 93"
1192,"Crawford v. Washington","SCt Case","In a seminal Confrontation Clause case, the Supreme Court held that for out of court testimonial statements to be admitted against a defendant, they must have been subjected to cross-examination.","2004",,,,,,"541 U.S. 36"
1193,"Hamdi v. Rumsfeld","SCt Case","The Supreme Court held, without a majority opinion, that the federal government cannot hold a US citizen indefinitely without due process, even if allegedly a terrorist.","2004",,,,,,"542 U.S. 507"
1194,"Kelo v. City of New London","SCt Case","In a controversial decision that led to many states changing their eminent domain laws, the Supreme Court upheld a city's taking of private property, holding that economic development can be a ""public purpose"" under the 5th Amendment.","2005",,,,,,"545 U.S. 469"
1195,"Roper v. Simmons","SCt Case","Overruling Stanford v. Kentucky, the Court held that it is unconstitutional to execute an offender for a crime committed while a minor.","2005",,,,,,"543 U.S. 551"
1196,"Hamdan v. Rumsfeld","SCt Case","In a 5-3 decision with 6 of 8 justices writing an opinion, the Court held that the military commissions at Guantanamo did not conform with the Uniform Code of Military Justice or the Geneva Conventions.","2006",,,,,,"548 U.S. 557"
1197,"PICS v. Seattle Sch. Dist. #1","SCt Case","The Court, in a 4-1-4 decision, struck down the race-based school assignments in Seattle and Jefferson County, KY, holding that they were not narrowly tailored to achieve the state's interest; Justice Kennedy's swing vote laid out the standard for a state's compelling interest in a diverse student body.","2007",,,,,,"551 U.S. 701"
1198,"District of Columbia v. Heller","SCt Case","Finally settling a long-standing dispute over the meaning of the Second Amendment, the Supreme Court held that it guaranteed an individual, rather than a collective, right to keep and bear arms for self-defense, at least when applied to the home.","2008",,,,,,"554 U.S. 570"
1199,"Citizens United v. FEC","SCt Case","The watershed Supreme Court case striking down parts of the McCain-Feingold Act, including the limit on independent expenditures by corporations and unions.","2010",,,,,,"558 U.S. 310"
